state,district,MBCI_Score,ALV_Score,SEC_Score,Raw_Ratio,Load_Volatility_StdDev
Andaman and Nicobar Islands,Andamans,68.37806301050176,0.061296186302594396,25.923226433430514,54.333333333333336,2.897824320280769
Andaman and Nicobar Islands,Nicobar,80.28004667444574,0.32366602006602957,73.48942598187311,79.91666666666667,15.301559871370424
Andaman and Nicobar Islands,North And Middle Andaman,99.88331388564761,1.158201793318903,54.633408919123205,717.2,54.75487998394872
Andaman and Nicobar Islands,South Andaman,98.83313885647608,1.9884540760735012,53.15146985550573,498.61538461538464,94.00569479088995
Andhra Pradesh,Adilabad,60.3267211201867,3.4125444200727584,56.56434305373526,42.09642857142857,161.3306603726946
Andhra Pradesh,Alluri Sitharama Raju,75.96266044340723,2.9282697963202637,46.79076947386973,69.88034188034187,138.43620531676234
Andhra Pradesh,Anakapalli,96.96616102683781,1.2798255164735353,48.08865047995483,286.1666666666667,60.504734977222114
Andhra Pradesh,Anantapur,94.98249708284715,40.820749121106,57.13301347044562,207.49787234042554,1929.8322899122034
Andhra Pradesh,Ananthapuramu,99.06651108518086,41.14124989196149,54.28392045124723,572.8516129032258,1944.9842101943052
Andhra Pradesh,Annamayya,86.93115519253209,2.208014752336703,38.9975219644064,113.6938775510204,104.38559451763476
Andhra Pradesh,Bapatla,75.37922987164526,1.256720028037222,42.88324041702101,69.14814814814815,59.41240525229955
Andhra Pradesh,Chittoor,96.26604434072345,64.03410065095234,54.3993234838843,257.71987480438185,3027.261325486124
Andhra Pradesh,Cuddapah,96.73278879813302,44.16220081341639,56.455712641415936,276.480198019802,2087.8019869373925
Andhra Pradesh,Dr. B. R. Ambedkar Konaseema,89.61493582263711,1.2485282531579835,51.975267379679146,132.6451612903226,59.025132798608304
Andhra Pradesh,East Godavari,98.48308051341891,75.23687864798963,54.7414565896841,398.25100401606426,3556.8812658566535
Andhra Pradesh,Eluru,82.73045507584598,1.5847820109306563,40.548220436280126,90.6304347826087,74.92178764511394
Andhra Pradesh,Guntur,94.39906651108518,73.88848796135751,55.69964730731146,201.3986784140969,3493.135059760349
Andhra Pradesh,Hyderabad,44.457409568261376,6.633186965147604,46.96402636413156,22.939086294416242,313.58901210727583
Andhra Pradesh,K.V. Rangareddy,41.540256709451576,0.058552944204749054,0.0,21.0,2.7681354416234383
Andhra Pradesh,Kakinada,81.56359393232205,2.3424518065797906,53.583458014873344,84.90123456790124,110.74120958656174
Andhra Pradesh,Karim Nagar,58.109684947491246,1.1070289300512237,0.0,39.8421052631579,52.335643541024915
Andhra Pradesh,Khammam,70.24504084014002,4.061329187586497,59.2486268451768,57.62692307692308,192.0024589189843
Andhra Pradesh,Krishna,96.49941656942825,55.45590597387291,54.72083889691255,268.2303370786517,2621.72057884604
Andhra Pradesh,Kurnool,97.31621936989498,100.0,56.67465748704905,297.0549313358302,4727.576860941048
Andhra Pradesh,Mahabub Nagar,5.484247374562427,0.16542450568917264,23.865887818542053,1.966824644549763,7.820570653287433
Andhra Pradesh,Mahbubnagar,30.688448074679116,0.8016596761635633,18.554621848739494,14.10576923076923,37.899077353803555
Andhra Pradesh,Medak,49.59159859976663,1.4386341251928427,31.897468555962426,26.727678571428573,68.0125340162185
Andhra Pradesh,N. T. R,74.9124854142357,2.375271756928551,54.25486907514014,67.9278350515464,112.29279796502207
Andhra Pradesh,Nalgonda,48.65810968494749,1.4318830327068486,46.14346149060595,26.10096153846154,67.69337092998991
Andhra Pradesh,Nandyal,92.41540256709452,2.2345798058951547,40.33856559824498,156.02564102564102,105.64147784276071
Andhra Pradesh,Nellore,89.14819136522753,40.11382174349897,60.47510893521088,129.83491204330176,1896.4117547847961
Andhra Pradesh,Nizamabad,63.243873978996504,0.7872799125632256,30.143060878866212,46.6,37.219262977175966
Andhra Pradesh,Palnadu,79.69661610268378,2.4625382572656056,44.2192442150824,78.17333333333333,116.41838884230971
Andhra Pradesh,Parvathipuram Manyam,91.94865810968494,2.1417025190778123,56.625191006330496,151.3030303030303,101.25063272211418
Andhra Pradesh,Prakasam,87.74795799299883,56.28379052215007,64.20089648656369,118.64418811002662,2660.859457185697
Andhra Pradesh,Rangareddi,53.90898483080513,3.5709075058523174,41.62118217073322,32.83846153846154,168.81739697228124
Andhra Pradesh,Sri Potti Sriramulu Nellore,22.403733955659277,2.3971302144535698,41.103350758419744,10.404605263157896,113.3261733451335
Andhra Pradesh,Sri Sathya Sai,90.54842473745624,2.205664413808368,46.72813024227924,141.74358974358975,104.27448045721542
Andhra Pradesh,Srikakulam,100.0,52.914368407773594,64.7288649023492,941.0153846153846,2501.567436959004
Andhra Pradesh,Tirupati,17.50291715285881,1.9478617169935348,44.11595462698262,8.060921248142645,92.08665981571535
Andhra Pradesh,Vizianagaram,99.53325554259042,39.84269829448115,59.89405871336055,645.6315789473684,1883.5941853444444
Andhra Pradesh,Warangal,76.4294049008168,3.851727413179964,45.43528478521274,70.21164021164022,182.09337393201915
Andhra Pradesh,West Godavari,98.59976662777129,52.477891049750234,62.079983910419486,403.06865671641793,2480.9326343778453
Andhra Pradesh,Y. S. R,84.13068844807468,1.8407139295189179,30.06141874075503,94.0754716981132,87.02116580805507
Arunachal Pradesh,Anjaw,69.1948658109685,0.1942468025152046,0.0,55.666666666666664,9.183166888826666
Arunachal Pradesh,Changlang,36.522753792298715,1.3169784871972257,58.268947755702726,17.375415282392026,62.261170224307506
Arunachal Pradesh,Dibang Valley,78.52975495915986,0.08464380609253289,52.23642172523961,74.5,4.001600991050394
Arunachal Pradesh,East Kameng,54.3757292882147,0.7262003208516522,53.64312267657992,33.55696202531646,34.33167833266236
Arunachal Pradesh,East Siang,46.44107351225204,0.47013239258962236,44.067796610169495,24.31764705882353,22.225870207855515
Arunachal Pradesh,Kamle,6.301050175029172,0.036354952056840396,0.0,2.1153846153846154,1.718708301245398
Arunachal Pradesh,Kra Daadi,25.670945157526255,0.27083885339250174,0.0,12.016949152542374,12.804114963421961
Arunachal Pradesh,Kurung Kumey,51.34189031505251,0.3518727129990958,0.0,28.511627906976745,16.635052959710755
Arunachal Pradesh,Leparada,18.319719953325556,0.009236661110651113,0.0,8.666666666666666,0.4366702533906824
Arunachal Pradesh,Lohit,50.87514585764295,0.4220747072203075,48.16258351893096,28.372881355932204,19.95390619443193
Arunachal Pradesh,Longding,6.534422403733956,0.518955274957834,34.32650527622595,2.2244318181818183,24.534009497539554
Arunachal Pradesh,Lower Dibang Valley,49.47491248541424,0.32123315910585654,0.0,26.551020408163264,15.186544499558416
Arunachal Pradesh,Lower Siang,35.2392065344224,0.08494612462178378,73.07335190343547,16.57894736842105,4.0158933318855965
Arunachal Pradesh,Lower Subansiri,49.708284714119024,0.5326919800252863,44.00871459694989,26.839285714285715,25.18342278776414
Arunachal Pradesh,Namsai,71.87864644107351,1.0362091117412966,85.84667228306655,61.836363636363636,48.98758219764431
Arunachal Pradesh,Pakke Kessang,30.455075845974328,0.015534385887289026,0.0,14.0,0.7344000326967678
Arunachal Pradesh,Papum Pare,40.49008168028005,1.41876933090405,65.95398138572905,20.06008583690987,67.073410597948
Arunachal Pradesh,Shi-Yomi,23.337222870478413,0.05559948508912987,0.0,10.68421052631579,2.6285083918760717
Arunachal Pradesh,Siang,29.52158693115519,0.2377429630965244,97.04545454545455,13.55,11.239481311866902
Arunachal Pradesh,Tawang,61.14352392065344,0.4137027541209878,84.20864594498035,42.69767441860465,19.558115676899657
Arunachal Pradesh,Tirap,56.94282380396732,0.3077451305151937,38.840262582056894,36.47222222222222,14.548887580909124
Arunachal Pradesh,Upper Siang,69.54492415402567,0.2843074860651491,35.526315789473685,56.35,13.440854925139183
Arunachal Pradesh,Upper Subansiri,61.96032672112018,0.7648541004573332,0.0,44.46296296296296,36.15906547317968
Arunachal Pradesh,West Kameng,51.4585764294049,0.7312022322667961,66.37295969955221,28.643564356435643,34.56814753932947
Arunachal Pradesh,West Siang,58.57642940490082,0.7498169503492048,49.49925261584455,40.063291139240505,35.448172644122835
Assam,Bajali,3.325554259043174,0.0029470469371236712,48.14814814814815,0.75,0.13932390908053055
Assam,Baksa,20.653442240373394,4.149379358016325,37.12622492143265,9.629310344827585,196.16509840224396
Assam,Barpeta,40.02333722287048,20.297255050624493,47.622628305541916,19.806561436087897,959.5683331795118
Assam,Biswanath,29.171528588098017,2.197731180827836,51.0015830491963,13.36,103.89943077050324
Assam,Bongaigaon,57.526254375729295,7.6882228119169405,41.51367068566557,38.572123176661265,363.46664267377645
Assam,Cachar,19.603267211201867,14.028086353772217,45.471916088749154,9.230403262347078,663.1885644937641
Assam,Charaideo,36.756126021003496,1.8414882052255075,53.60892388451444,17.49404761904762,87.05777028719969
Assam,Chirang,35.12252042007001,5.692518217886065,43.027436663347714,16.554502369668246,269.1181740736353
Assam,Darrang,17.852975495915985,5.517325221454913,48.710518690234714,8.34664536741214,260.8357905123669
Assam,Dhemaji,14.819136522753793,3.4828749798463683,40.6444505127167,6.61886586695747,164.6555916427221
Assam,Dhubri,22.170361726954493,15.157020143579153,55.82454971031494,10.348344370860927,716.5597771160217
Assam,Dibrugarh,18.786464410735125,5.3099081721327,51.635270541082164,8.87033639143731,251.02999008296328
Assam,Dima Hasao,1.2835472578763127,0.004151404972601633,43.939393939393945,0.0970873786407767,0.19626086088867084
Assam,Goalpara,16.569428238039674,4.464937985939142,50.563169865796034,7.44566712517194,211.08337507862615
Assam,Golaghat,7.8179696616102685,2.806993224818837,37.92701356368588,2.9235588972431077,132.70276218471827
Assam,Hailakandi,21.003500583430572,4.875379168705423,43.97281140319992,9.81655960028551,230.4872974628576
Assam,Hojai,19.83663943990665,4.574383770136085,59.120555300897124,9.303548795944232,216.25750864759627
Assam,Jorhat,19.1365227537923,2.6257001896632977,43.384212946993216,9.125454545454545,124.13199460420728
Assam,Kamrup,18.55309218203034,11.46417470951417,25.656006224278784,8.804420224038752,541.9776708648475
Assam,Kamrup Metro,15.752625437572929,5.1467766736893035,58.53257161205732,7.093514328808446,243.31782310964687
Assam,Karbi Anglong,13.302217036172696,6.050658880526869,27.289834875987708,5.905679012345679,286.0495491702629
Assam,Karimganj,10.501750291715286,4.8572020525312265,54.35756819876991,4.802778929904604,229.62796032461992
Assam,Kokrajhar,24.620770128354728,7.7524673907425,50.4869459623558,11.559070367979341,366.50385451674265
Assam,Lakhimpur,19.369894982497083,4.954562579921224,49.91350037202494,9.15824541921155,234.23075408919962
Assam,Majuli,28.588098016336055,0.8322792645964977,50.140252454417954,13.237179487179487,39.346641931474345
Assam,Marigaon,14.23570595099183,7.325824369379285,50.97263829347658,6.515939015939016,346.33397775995553
Assam,Nagaon,26.72112018669778,12.662067264062088,40.82991934803578,12.346592570927172,598.6089620925904
Assam,Nalbari,32.55542590431739,3.5043883694370637,42.837944843812345,14.771186440677965,165.6726536710159
Assam,North Cachar Hills,14.002333722287046,0.5939575822451036,47.16031631919483,6.498795180722891,28.079801222024415
Assam,Sibsagar,34.072345390898484,2.484639031044763,41.0869891140194,15.882703777335983,117.46321990958207
Assam,Sonitpur,13.768961493582262,5.436616391034574,42.74497727359535,6.275771256583898,257.02021852067884
Assam,South Salmara Mankachar,17.152858809801632,0.7480417520043079,70.83187390542906,7.72112676056338,35.36424877793368
Assam,Sribhumi,4.200700116686114,0.008483377251349528,26.285714285714292,0.975609756097561,0.40105817996113696
Assam,Tamulpur District,2.3337222870478413,0.005589543154178399,71.56862745098039,0.48484848484848486,0.2642499487892524
Assam,Tinsukia,9.56826137689615,3.705942702825403,52.675053799039894,4.174298899538516,175.20128969850703
Assam,Udalguri,20.88681446907818,4.684682931445079,35.9306026793522,9.772868217054263,221.4719862754523
Assam,West Karbi Anglong,4.900816802800467,0.2609864287436454,19.987699876998764,1.0672782874617737,12.338334015480976
Bihar,Araria,28.821470245040842,30.38597722973887,43.13077856844143,13.251026502426278,1436.5204284839504
Bihar,Arwal,9.101516919486581,4.473308969751869,35.994891865571546,4.01360544217687,211.47911977238974
Bihar,Aurangabad,14.702450408401399,16.66287368278949,55.528252713577906,6.6163146394756005,787.7501605953913
Bihar,Aurangabad(Bh),2.6254375729288215,0.008118227416352526,0.0,0.5,0.38379544085405426
Bihar,Banka,22.75379229871645,20.073102447477666,34.58379549365228,10.479014989293361,948.9713465799454
Bihar,Begusarai,32.20536756126021,28.761393196872525,46.851864014017295,14.661582852431987,1359.7169696596184
Bihar,Bhabua,1.8669778296382729,0.0024143149221595803,44.44444444444444,0.2222222222222222,0.1141385936102632
Bihar,Bhagalpur,15.519253208868145,28.421635915019827,49.337552750940596,7.042689008577698,1343.654683019388
Bihar,Bhojpur,8.98483080513419,13.880706552113741,60.14642004175856,3.917420929523035,656.2210710928572
Bihar,Buxar,12.135355892648775,9.067087588064657,64.97969128451186,5.466546924113157,428.65353477460246
Bihar,Darbhanga,35.70595099183197,36.00846210878612,56.99967247926673,16.77025791110298,1702.3277226356975
Bihar,East Champaran,10.15169194865811,64.18059351692821,65.02786954966527,4.690958842910594,3034.1868883209286
Bihar,Gaya,9.801633605600934,35.70340299628232,44.520756041340015,4.265578410067216,1687.9058186207758
Bihar,Gopalganj,10.618436406067678,18.002569101955814,59.8105150936002,4.841048404142887,851.0852912389857
Bihar,Jamui,19.253208868144693,15.678900423333106,59.9034690984517,9.14516129032258,741.232068463484
Bihar,Jehanabad,9.451575262543757,5.787055792132164,55.446081244818565,4.142236699239956,273.58751055858886
Bihar,Kaimur (Bhabua),17.269544924154026,14.035449716960743,38.92676431424768,7.9395449620801735,663.5366731480519
Bihar,Katihar,40.72345390898483,38.69204517802346,50.44912183995884,20.131567885666247,1829.1961748610936
Bihar,Khagaria,22.987164527421236,14.657555156098365,61.87460224524604,10.499178981937602,692.9471859393778
Bihar,Kishanganj,54.14235705950992,19.206905819981376,49.685548733027765,33.415823914336706,908.021235248179
Bihar,Lakhisarai,14.11901983663944,8.385764808439625,37.135372367570504,6.508766716196137,396.4434766967291
Bihar,Madhepura,25.55425904317386,20.366011112332146,40.69492509580769,11.96521533364884,962.8188288432971
Bihar,Madhubani,18.436406067677947,42.46345199709205,63.70838248383175,8.799038774845226,2007.492330971333
Bihar,Monghyr,1.9836639439906651,0.003196118934308085,37.77777777777778,0.23809523809523808,0.1510989791865046
Bihar,Munger,13.652275379229872,7.9559412619103,44.84674683934629,6.089933275311865,376.12323816813256
Bihar,Muzaffarpur,14.469078179696615,36.37258009124664,52.09708690450028,6.577697582100325,1719.5416801210263
Bihar,Nalanda,10.268378063010502,18.425865613525943,50.15524821938588,4.7668611881756435,871.0969591731458
Bihar,Nawada,8.168028004667445,14.998132262971817,57.97921614370232,3.100826446280992,709.0482304375896
Bihar,Pashchim Champaran,0.9334889148191364,0.015490390793584488,15.000000000000002,0.0034460277544938064,0.7323201308268426
Bihar,Patna,12.018669778296383,36.25855957021378,43.284513861655384,5.463094456709827,1714.1512723519525
Bihar,Purba Champaran,0.8168028004667445,0.008573367927005126,32.37753882915173,0.002565114443567482,0.4053125583204355
Bihar,Purnea,24.154025670945156,0.41848335795640224,15.440988059242555,11.325842696629213,19.78412239763597
Bihar,Purnia,29.75495915985998,44.242215999201214,42.29605995303349,13.769473684210526,2091.584766345795
Bihar,Rohtas,21.236872812135356,17.98364675970433,57.335905793171946,9.817085427135678,850.1907229651566
Bihar,Saharsa,14.352392065344224,15.875565662091962,62.62168987812673,6.54955808080808,750.5295687845621
Bihar,Samastipur,26.02100350058343,37.53290851435146,58.8698514057969,12.077918647649234,1774.3970981626521
Bihar,Saran,8.868144690781797,22.066401740132246,60.695648170098494,3.8306838725765227,1043.2061027087848
Bihar,Sheikhpura,18.66977829638273,5.364061178059816,41.38985927724159,8.833690987124463,253.59011506067765
Bihar,Sheohar,24.504084014002334,4.71577595076502,37.57700600646851,11.438392857142857,222.9419326621898
Bihar,Sitamarhi,10.035005834305718,31.86040707903379,60.63861778492334,4.478092575667975,1506.2252328700251
Bihar,Siwan,13.418903150525088,18.83784887867062,56.99138453925154,5.913657591980863,890.5737846870749
Bihar,Supaul,22.63710618436406,18.01418001009674,61.47869127873593,10.453163982762531,851.6342058456012
Bihar,Vaishali,16.686114352392064,27.30103439704066,56.82962766677684,7.508647214854111,1290.6773849520505
Chandigarh,Chandigarh,95.56592765460911,34.68779394534503,39.5542260286189,230.72037914691944,1639.8921201310416
Chandigarh,Rupnagar,7.992998833138857,0.0020943399196119575,83.33333333333334,3.0,0.09901152942902626
Chhattisgarh,Balod,98.24970828471412,5.9799803327671235,24.323071255003747,389.59090909090907,282.708166500724
Chhattisgarh,Baloda Bazar,84.59743290548425,11.451579278541974,29.64405429064311,95.56716417910448,541.3822121846702
Chhattisgarh,Balrampur,27.537922987164524,4.159925824803907,63.618886623908246,12.845381526104418,196.66369072574057
Chhattisgarh,Bastar,32.78879813302217,5.942680829984967,23.110945767195766,15.030372492836676,280.9448038379487
Chhattisgarh,Bemetara,86.69778296382731,7.6727414528466085,45.15191935594418,110.37123745819397,362.7347495246082
Chhattisgarh,Bijapur,13.53558926487748,3.3717182899606963,39.40341173189551,6.009849362688296,159.40057369229908
Chhattisgarh,Bilaspur,62.89381563593932,13.960594539848865,42.96307108451322,46.16941852117731,659.9978371156942
Chhattisgarh,Dakshin Bastar Dantewada,64.06067677946325,2.152835866199699,45.714285714285715,47.95061728395062,101.77697026449677
Chhattisgarh,Dantewada,58.809801633605595,1.5526079586751258,44.26774652042157,40.564516129032256,73.4007345954544
Chhattisgarh,Dhamtari,97.43290548424739,5.238217566425661,35.297596858768856,297.74418604651163,247.64076159608882
Chhattisgarh,Durg,91.36522753792299,14.209457016428551,35.600197703003275,144.73359840954274,671.7630019740403
Chhattisgarh,Gariyaband,77.36289381563594,3.3793487855342095,22.31325628634443,72.54545454545455,159.7613112354076
Chhattisgarh,Gaurela-Pendra-Marwahi,6.18436406067678,0.17281503638738066,0.0,2.103896103896104,8.16996367247666
Chhattisgarh,Janjgir - Champa,82.03033838973163,11.656306889918977,0.0,87.63101604278074,551.0608673680866
Chhattisgarh,Jashpur,56.12602100350058,6.100669922205914,62.898760330578504,35.450248756218905,288.413859604597
Chhattisgarh,Kabeerdham,93.34889148191365,3.1456128515875683,46.65624248255954,172.0215053763441,148.71126530644173
Chhattisgarh,Kanker,75.1458576429405,3.965816775013853,76.80019526553927,68.68401486988847,187.4870362028734
Chhattisgarh,Kawardha,83.08051341890315,4.814214662375068,47.52098909819974,91.50204081632653,227.59569841447492
Chhattisgarh,Khairagarh Chhuikhadan Gandai,6.0676779463243875,0.07596512515217486,73.48484848484848,2.081967213114754,3.591309679079127
Chhattisgarh,Kondagaon,33.605600933488915,3.5854774278128763,21.46239373084263,15.69893514036786,169.5062012315458
Chhattisgarh,Korba,74.32905484247374,10.522479386074494,54.02447300979528,65.94855967078189,497.45830065334934
Chhattisgarh,Koriya,57.17619603267211,4.783357842680438,36.726726726726724,37.83958333333333,226.13691854656926
Chhattisgarh,Mahasamund,68.02800466744458,7.32573979645335,59.82954545454545,53.60674157303371,346.3299795098784
Chhattisgarh,Mohalla-Manpur-Ambagarh Chowki,23.80396732788798,0.4445261697397902,0.0,11.178947368421053,21.01531634144585
Chhattisgarh,Mungeli,80.39673278879813,6.018010187437241,31.434599156118146,80.04504504504504,284.506057110358
Chhattisgarh,Narayanpur,43.17386231038506,1.7128847648748546,33.361281907956034,21.87828947368421,80.97794379880811
Chhattisgarh,Raigarh,71.29521586931156,8.568666451544484,60.24633718892394,60.94155844155844,405.09029245443537
Chhattisgarh,Raipur,78.17969661610267,13.823580099941498,35.321054112590346,74.2630890052356,653.5203741584857
Chhattisgarh,Rajnandgaon,90.66511085180863,11.85376775078217,63.278354486211796,142.05070422535212,560.39598133567
Chhattisgarh,Sakti,17.036172695449242,0.2758162139722081,59.62732919254658,7.716049382716049,13.039423510473762
Chhattisgarh,Sarangarh-Bilaigarh,9.918319719953326,0.019188235220883136,52.718078381795195,4.458333333333333,0.9071385683254114
Chhattisgarh,Sukma,35.82263710618436,3.29900034385808,63.73222238184169,16.927227101631118,155.9627768986002
Chhattisgarh,Surajpur,54.725787631271885,4.6873636060864365,53.351813727637364,33.97790868924889,221.59871722951425
Chhattisgarh,Surguja,61.61026837806302,6.24914854496377,34.80466768138001,43.68036529680365,295.43330061754136
Chhattisgarh,Uttar Bastar Kanker,59.50991831971996,1.4313322282732945,43.31407281108901,41.79245283018868,67.66733122704017
Dadra and Nagar Haveli and Daman & Diu,Dadra And Nagar Haveli,65.57759626604434,3.5000884679071436,0.0,50.24444444444445,165.46937252124414
Dadra and Nagar Haveli and Daman & Diu,Daman,92.6487747957993,1.0101409386837545,50.86505190311419,163.33333333333334,47.755189280105874
Dadra and Nagar Haveli and Daman & Diu,Diu,96.14935822637106,0.6621144669838849,77.54540451293342,245.375,31.301970334073292
Delhi (NCT),Central Delhi,45.5075845974329,9.140288631563696,46.21135365816217,23.530901722391086,432.11417036903043
Delhi (NCT),East Delhi,42.94049008168028,20.960799227009517,51.17854687993461,21.682377049180328,990.937894124412
Delhi (NCT),Najafgarh,10.968494749124854,0.02645006603500584,0.0,5.0,1.2504472015745633
Delhi (NCT),New Delhi,10.851808634772462,0.9314204184209222,49.250299880047976,4.923694779116466,44.03361617934781
Delhi (NCT),North Delhi,41.423570595099186,9.474995312978486,77.95023789096014,20.98998330550918,447.9376859916197
Delhi (NCT),North East,13.185530921820304,0.970215564472352,91.53085387937038,5.876237623762377,45.867686527243485
Delhi (NCT),North East Delhi,52.04200700116686,79.90804879286087,61.86443748544217,29.978670922809055,3777.7144247607725
Delhi (NCT),Shahdara,11.201866977829638,1.2204440577591766,62.06170052671182,5.106796116504855,57.697430875352836
Delhi (NCT),South Delhi,55.309218203033836,39.50295010682263,47.7839563008866,34.51145038167939,1867.5323286392338
Delhi (NCT),South West Delhi,55.07584597432905,25.563108784702692,44.506528967232065,34.381827731092436,1208.5156158427928
Delhi (NCT),West Delhi,33.95565927654609,27.22867243639144,43.403201823189455,15.878621948437143,1287.256417644275
Goa,Bardez,17.386231038506416,0.0033915181426958604,62.5,8.0,0.1603366269487071
Goa,North Goa,88.44807467911319,5.165494371446021,42.33425962683604,121.26027397260275,244.20271665769434
Goa,South Goa,90.43173862310385,5.129476490639857,41.938192991731995,141.56880733944953,242.49994365890078
Gujarat,Ahmadabad,41.30688448074679,61.48334652842101,0.0,20.93019397651863,2906.672463809833
Gujarat,Amreli,70.4784130688448,13.250730963006413,45.86703160868797,58.28,626.4384909126421
Gujarat,Anand,72.2287047841307,19.66115447796353,53.52397736339972,62.37593052109181,929.4961896940786
Gujarat,Arvalli,70.7117852975496,7.50124085282676,55.426835200526845,59.43174603174603,354.6269268416948
Gujarat,Banas Kantha,13.068844807467912,26.812007348149393,0.0,5.853211009174312,1267.5582553449242
Gujarat,Bharuch,78.76312718786464,13.400274928775163,44.63642308821346,75.05765407554672,633.5082968352591
Gujarat,Bhavnagar,65.81096849474912,25.67375212112512,51.64795222073588,50.32275541795666,1213.7463646136728
Gujarat,Botad,42.82380396732789,4.1471250776511726,35.161202372026445,21.66313559322034,196.05852556532028
Gujarat,Chhotaudepur,30.921820303383896,7.8306553013721105,47.048863086598935,14.182239382239382,370.2002480877214
Gujarat,Dahod,33.72228704784131,23.957271022054258,61.46392815709191,15.75349696489839,1132.598401351572
Gujarat,Devbhumi Dwarka,60.67677946324388,6.400508168281907,44.153617331761794,42.35024154589372,302.58894314633716
Gujarat,Dohad,2.100350058343057,0.8878949191323,33.2349323493235,0.29341727110989463,41.975914746369845
Gujarat,Gandhinagar,59.15985997666277,13.793365503871074,36.849317890191166,41.00738007380074,652.0919559060335
Gujarat,Gir Somnath,46.09101516919487,8.219714742608533,49.96784849152169,24.21465428276574,388.593332206921
Gujarat,Jamnagar,66.1610268378063,15.817844248483038,42.62868164472561,50.8270202020202,747.8007445909785
Gujarat,Junagadh,70.94515752625438,12.218806642623383,46.675824175824175,60.58695652173913,577.6534755197907
Gujarat,Kachchh,48.5414235705951,26.851401011834415,45.529962467397525,25.94175136825645,1269.4206210739742
Gujarat,Kheda,58.92648774795799,19.62435693353309,51.56979262820221,40.604651162790695,927.7565574981904
Gujarat,Mahesana,63.94399066511085,17.188459135794652,41.33664091991606,47.765501691093576,812.5976168561357
Gujarat,Mahisagar,62.31038506417737,6.718573304579039,59.57602196182763,45.343589743589746,317.6257169326409
Gujarat,Morbi,25.204200700116687,8.726123266900524,39.95048794489093,11.778765981100612,412.5341844231822
Gujarat,Narmada,92.53208868144691,6.2145433405455845,37.666797104284875,158.38541666666666,293.7973129807859
Gujarat,Navsari,87.51458576429405,8.500686576511535,43.2720953326713,118.375,401.87649161228103
Gujarat,Panch Mahals,47.374562427071176,13.104456436128459,0.0,24.832036316472113,619.5232502265089
Gujarat,Patan,33.37222870478413,13.879228657251275,47.04450535512093,15.543812104787715,656.1512024773101
Gujarat,Porbandar,60.443407234539094,6.030722181055242,44.34532159640878,42.333333333333336,285.1070263792069
Gujarat,Rajkot,41.656942823803966,31.10271169152726,35.04883644058967,21.184615384615384,1470.4046010538489
Gujarat,Sabar Kantha,33.488914819136525,14.918387329274838,0.0,15.59736953754773,705.2782274043584
Gujarat,Surat,42.70711785297549,48.19175005076845,26.740497502190063,21.5859610204405,2278.3020242826747
Gujarat,Surendra Nagar,40.37339556592766,18.374634062506466,47.25848879385587,19.914375844975215,868.6749482216477
Gujarat,Tapi,81.21353558926488,5.534943047866214,46.24110931803239,82.49246231155779,261.66868679718834
Gujarat,The Dangs,74.67911318553092,5.391368358223687,60.51927739110033,67.62566844919786,254.88108299148033
Gujarat,Vadodara,51.925320886814475,25.43594721315171,52.261156126262456,29.86778242677824,1202.5039548101397
Gujarat,Valsad,51.22520420070011,14.02861022440454,44.23146774405355,28.421625544267055,663.213330880559
Haryana,Ambala,95.33255542590432,9.683290687953324,33.06917030921394,216.80833333333334,457.7850099413406
Haryana,Bhiwani,96.03267211201867,13.006943527092194,56.11563498002161,244.19867549668874,614.91325250248
Haryana,Charkhi Dadri,91.59859976662777,0.9508414397951563,49.418560268709136,146.1,44.95175989199452
Haryana,Faridabad,38.38973162193699,18.777855134187487,29.01465716651912,18.240522459381967,887.7375343048781
Haryana,Fatehabad,97.66627771295215,10.420175678183217,38.8677560496473,314.5326086956522,492.6218142311967
Haryana,Gurgaon,50.75845974329055,10.482644012866967,33.72174371238068,28.34876033057851,495.57505276712084
Haryana,Hisar,93.69894982497082,18.969282860516547,32.16843372098997,186.95698924731184,896.7874272002363
Haryana,Jhajjar,95.91598599766627,8.339503720451866,44.61115665915602,243.84,394.2564482054002
Haryana,Jind,98.13302217036173,10.91995288376588,56.98337273587438,374.1978021978022,516.2491657585805
Haryana,Kaithal,98.36639439906651,13.360740654784998,58.02093958596488,392.3255813953488,631.6392836459589
Haryana,Karnal,93.46557759626604,10.31409316805525,54.61756723414754,180.135593220339,487.60668202888144
Haryana,Kurukshetra,97.54959159859978,7.845493914824958,59.16207262212914,303.06666666666666,370.9017549438027
Haryana,Mahendragarh,89.26487747957992,5.7383794281845635,67.10099507341106,130.64238410596028,271.28629803985467
Haryana,Mewat,75.49591598599767,9.187766415679476,66.65994713972137,69.33395176252318,434.35871910497565
Haryana,Palwal,83.54725787631271,8.609758460860082,61.31288717596978,93.13479623824452,407.0329487785353
Haryana,Panchkula,94.63243873978998,6.670783761120193,39.22687893882922,206.54022988505747,315.3664295341312
Haryana,Panipat,70.12835472578763,10.92035528684275,30.696287738227536,57.27137546468401,516.2681896733302
Haryana,Rewari,92.76546091015169,8.857154284109454,41.400417105783895,165.30405405405406,418.7287764734073
Haryana,Rohtak,89.84830805134189,8.44450412919099,40.579537651636535,133.2910052910053,399.2204232328446
Haryana,Sirsa,94.51575262543757,14.30282879103068,42.635697062152445,204.79896907216494,676.1772243847807
Haryana,Sonipat,89.03150525087514,11.148038353432549,52.28990625825192,127.4679245283019,527.0320816457106
Haryana,Yamuna Nagar,97.19953325554259,10.8728839683452,43.414285290804536,295.92792792792795,514.0239466044565
Himachal Pradesh,Bilaspur,99.29988331388564,2.4798376970860763,59.168514115273126,621.9333333333333,117.2362331563347
Himachal Pradesh,Chamba,95.79929988331388,3.831902052065873,60.32344086021506,239.72307692307692,181.15611474739137
Himachal Pradesh,Hamirpur,99.76662777129522,2.804609391470746,62.85007667175384,674.25,132.59006463095054
Himachal Pradesh,Kangra,99.18319719953325,10.828200514665046,56.20888587438693,573.48,511.91150198760414
Himachal Pradesh,Kinnaur,84.71411901983664,0.5744166827768856,67.76226924808645,95.81818181818181,27.155990180345185
Himachal Pradesh,Kullu,85.41423570595099,3.1150185040149143,58.868080105699526,100.21100917431193,147.26489400984107
Himachal Pradesh,Lahaul And Spiti,96.61610268378062,0.1344730065972641,0.0,269.0,6.357314744103987
Himachal Pradesh,Lahul & Spiti,56.009334889148185,0.028265362745860254,0.0,35.333333333333336,1.3362667488343407
Himachal Pradesh,Mandi,99.41656942823805,8.08323015906181,50.62865112791454,627.3863636363636,382.14091861641435
Himachal Pradesh,Shimla,88.2147024504084,4.890850628867574,54.32799421802056,120.42405063291139,231.2187226335332
Himachal Pradesh,Sirmaur,95.44924154025671,5.430347178606465,46.527368612474994,225.78787878787878,256.7238366845643
Himachal Pradesh,Solan,95.68261376896149,4.348484273485269,40.617359914677166,236.77272727272728,205.57793631495002
Himachal Pradesh,Una,99.64994165694281,3.990777414447394,54.577526396789175,661.4545454545455,188.6670696170764
Jammu & Kashmir,Anantnag,80.16336056009334,6.956803106511443,54.844979219237054,79.28571428571429,328.888213924663
Jammu & Kashmir,Badgam,46.20770128354726,1.415279884766737,23.01432014745498,24.221052631578946,66.90844434978538
Jammu & Kashmir,Bandipore,54.842473745624275,3.181801621368115,56.22266028348821,34.06930693069307,150.42211721284608
Jammu & Kashmir,Bandipur,0.40840140023337224,0.0,0.0,0.0,0.0
Jammu & Kashmir,Baramula,67.67794632438739,7.521881213699714,43.467162439319495,53.207364341085274,355.6027157663394
Jammu & Kashmir,Budgam,97.89964994165695,5.663318861026442,38.57637012214896,360.04,267.7377520351962
Jammu & Kashmir,Doda,38.62310385064177,5.34565803866631,42.53472349874635,18.45986124876115,252.72009250102354
Jammu & Kashmir,Ganderbal,88.3313885647608,1.807327316700409,62.53714914694552,120.57894736842105,85.44278802579527
Jammu & Kashmir,Jammu,68.14469078179697,10.925789427011297,51.138318360282454,53.8721071863581,516.5250928265295
Jammu & Kashmir,Kargil,26.954492415402566,0.4301407680341096,73.53123067408782,12.657142857142857,20.335235419054673
Jammu & Kashmir,Kathua,77.94632438739791,6.75628010858069,58.25086695424173,74.16556291390728,319.4083350736234
Jammu & Kashmir,Kishtwar,67.91131855309219,4.067509811528735,44.67733039161611,53.435,192.2946526663393
Jammu & Kashmir,Kulgam,73.3955659276546,4.404878803357082,32.091598802812,63.972972972972975,208.24403106000636
Jammu & Kashmir,Kupwara,69.0781796966161,8.071998550940176,70.7331980257392,55.53440366972477,381.6099357097445
Jammu & Kashmir,Leh,57.4095682613769,0.37904159916923025,32.88848263254114,38.476190476190474,17.919482935665446
Jammu & Kashmir,Leh (Ladakh),15.402567094515755,0.004354141827879093,0.0,7.0,0.2058454015473676
Jammu & Kashmir,Pulwama,92.88214702450408,4.073118915606722,42.27639313996988,167.5811965811966,192.55982737283634
Jammu & Kashmir,Punch,63.710618436406065,6.4350700533143375,52.482504360112145,47.09622641509434,304.22288282583537
Jammu & Kashmir,Rajauri,66.39439906651108,7.176142987979698,0.0,51.10758377425044,339.25767540777167
Jammu & Kashmir,Ramban,56.47607934655776,4.721551805284293,76.15525448553643,36.134020618556704,223.21499062396458
Jammu & Kashmir,Reasi,43.75729288214703,4.2592913961817205,34.90189822938268,22.23765996343693,201.3612744859399
Jammu & Kashmir,Samba,91.2485414235706,1.5982198212987857,43.55599059416523,143.8695652173913,75.55707045869475
Jammu & Kashmir,Shupiyan,77.59626604434072,2.6022658034817874,50.0,72.888,123.02411598558663
Jammu & Kashmir,Srinagar,87.16452742123687,6.528393802597357,54.296214476626844,117.06343283582089,308.634834802702
Jammu & Kashmir,Udhampur,73.04550758459743,7.591355851715943,36.83789165684561,63.66959064327485,358.8871826774172
Jharkhand,Bokaro,40.60676779463244,16.62194376074759,30.60711821488622,20.127288968289413,785.8151670717373
Jharkhand,Chatra,24.387397899649944,11.593706251951657,46.233502424447614,11.381902386889918,548.1013740927422
Jharkhand,Deoghar,19.01983663943991,12.469763801971428,24.892344116052158,9.110706278026905,589.517668116004
Jharkhand,Dhanbad,27.771295215869312,21.140982783158925,40.17101065591911,13.033492822966506,999.4562102321522
Jharkhand,Dumka,26.837806301050176,16.127093276042817,54.5300412230818,12.39278350515464,762.4207300605798
Jharkhand,East Singhbhum,44.340723453908986,48.972757446732565,39.4246722727144,22.854873504608747,2315.224749216513
Jharkhand,Garhwa,48.77479579929989,16.1486492376015,34.2963845848232,26.192234245703375,763.4398047113815
Jharkhand,Giridih,17.6196032672112,20.83092936333909,64.44865147163054,8.197294776119403,984.7981965001933
Jharkhand,Godda,42.007001166861144,18.33087386060667,51.35692685409743,21.269679300291546,866.6061510423318
Jharkhand,Gumla,28.121353558926486,11.672980457438499,38.76681160283518,13.140861931364725,551.8491230880329
Jharkhand,Hazaribag,38.1563593932322,15.23095769837165,0.0,18.024759284731775,720.0552318479373
Jharkhand,Jamtara,31.155192532088684,6.850895586299462,48.80460448642266,14.188102893890676,323.8813545051249
Jharkhand,Khunti,28.47141190198366,5.69026456483719,31.16687836222356,13.182532751091703,269.01163089357084
Jharkhand,Kodarma,33.838973162193696,7.59979734950985,0.0,15.858221476510067,359.28626097383875
Jharkhand,Latehar,45.97432905484247,8.881520213821101,63.5378572396045,24.048298572996707,419.88069452840824
Jharkhand,Lohardaga,33.13885647607935,5.604105532899349,19.760718289069178,15.243632336655592,264.9383964360666
Jharkhand,Pakaur,16.33605600933489,9.591799436926983,0.0,7.371275527284901,453.4596907280338
Jharkhand,Palamau,50.52508751458576,21.73922266229225,0.0,28.158130283441075,1027.7384603309808
Jharkhand,Pashchimi Singhbhum,31.855309218203033,1.617566926587698,6.241770401106505,14.477732793522268,76.47171973159529
Jharkhand,Purbi Singhbhum,44.574095682613766,1.8601950174757946,40.746987951807235,23.087719298245613,87.94214921456395
Jharkhand,Ramgarh,34.77246207701283,6.718278763989864,44.01355268864066,16.418111753371868,317.6117922999011
Jharkhand,Ranchi,29.404900816802797,24.76388428392313,44.82099521825171,13.545494994438265,1170.7316632769666
Jharkhand,Sahebganj,29.638273045507585,14.280784774843468,53.53642673224102,13.691138301816833,675.135076576292
Jharkhand,Seraikela-Kharsawan,48.30805134189031,12.427078579225572,48.35973877260082,25.7318070318888,587.4996914024297
Jharkhand,Simdega,56.35939323220537,8.455140765300804,58.34078699863936,36.046345811051694,399.72327838035466
Karnataka,Bagalkot,61.49358226371062,14.204120951864343,63.186806015112175,43.332244008714596,671.510735420418
Karnataka,Ballari,83.78063010501751,8.669431885629377,48.64228570075044,93.65413533834587,409.8540558000596
Karnataka,Bangalore,60.910151691948656,18.1894324371809,52.554766283672926,42.57772236076475,859.9193990366695
Karnataka,Bangalore Rural,76.3127187864644,6.417642416867538,29.52520560462991,70.20754716981132,303.3989779177675
Karnataka,Belagavi,81.79696616102684,16.603158626896555,55.77483853768028,84.9430894308943,784.927085430499
Karnataka,Belgaum,65.69428238039673,14.922744349473534,58.865747008855585,50.286206896551725,705.4842088830985
Karnataka,Bellary,65.11085180863478,10.433348763730319,51.27730199640798,49.01706484641638,493.24458197539343
Karnataka,Bengaluru,42.240373395565925,49.20017961150408,50.081456907680135,21.411358173076923,2325.9763068549023
Karnataka,Bengaluru Rural,1.0501750291715286,0.003196118934308085,0.0,0.006839945280437756,0.15109897918650464
Karnataka,Bengaluru South,1.4002333722287048,0.006003510136561025,34.0153452685422,0.12429378531073447,0.2838205560603093
Karnataka,Bidar,61.260210035005834,11.629608962233306,69.42790189032964,43.07840909090909,549.798702316468
Karnataka,Bijapur,43.52392065344224,6.97863143036574,67.39314993033278,22.13879781420765,329.92016471233006
Karnataka,Bijapur(Kar),7.992998833138857,0.002094339919611958,0.0,3.0,0.09901152942902627
Karnataka,Chamarajanagar,74.09568261376897,4.891776840029081,0.0,65.59288537549408,231.26250997808805
Karnataka,Chickmagalur,72.92882147024504,2.646775702513141,45.60238027298236,63.61467889908257,125.12835567302112
Karnataka,Chikkaballapur,77.47957992998833,7.475924972310483,50.14646490280386,72.58477508650519,353.4300991322638
Karnataka,Chikkamagaluru,85.1808634772462,3.3972441039400025,37.44768132899831,98.8936170212766,160.6073261675516
Karnataka,Chitradurga,83.8973162193699,10.446171576421655,58.3341174889098,93.875,493.85079030111086
Karnataka,Dakshina Kannada,78.64644107351225,13.223782880415563,59.60241386187681,74.9041095890411,625.1644995956098
Karnataka,Davanagere,85.76429404900817,15.031148762534205,0.0,104.36103896103896,710.6091108311938
Karnataka,Dharwad,87.63127187864644,15.226405681515123,52.808471454880305,118.48255813953489,719.840031752322
Karnataka,Gadag,74.44574095682613,8.59593789626419,61.009497010200484,66.63313609467455,406.37957096464856
Karnataka,Gadag *,55.425904317386234,0.13074042890138504,21.78524804177546,34.63636363636363,6.180854264636962
Karnataka,Gulbarga,52.50875145857643,6.999688678872464,44.59251585358197,30.505847953216374,330.91566232028475
Karnataka,Hasan,92.18203033838974,10.455536078738213,0.0,151.7883597883598,494.29350434577077
Karnataka,Haveri,88.79813302217036,13.729747999586092,58.3143980991554,126.4962962962963,649.0843894939485
Karnataka,Kalaburagi,78.41306884480747,14.839120872251582,52.336778162443224,74.43812709030101,701.5308447236392
Karnataka,Kodagu,86.46441073512253,3.278675291393011,60.98263207345321,109.10666666666667,155.00189442128746
Karnataka,Kolar,85.64760793465578,10.66835971974868,48.56812316808971,101.35620915032679,504.35490555279387
Karnataka,Koppal,65.22753792298717,11.840497917624917,54.96184837428184,49.2625786163522,559.7686397738422
Karnataka,Mandya,94.86581096849474,11.244087112008467,61.60653092192665,206.84,531.5728605313668
Karnataka,Mysore,81.44690781796966,5.468032778635379,52.890883590462835,82.78301886792453,258.50545239143804
Karnataka,Mysuru,75.84597432905484,10.415224252002691,49.222996479709295,69.6901098901099,492.38773175279954
Karnataka,Raichur,49.12485414235706,18.51095311878107,65.11729769858945,26.46580129805292,875.1195363831391
Karnataka,Ramanagar,65.34422403733956,6.959840015213557,48.75710842801344,49.32,329.03178611775206
Karnataka,Shimoga,64.87747957992998,2.641994581101034,44.30337229611716,48.873333333333335,124.90232448344885
Karnataka,Shivamogga,87.39789964994166,7.604226929558615,46.27779990866959,117.8232044198895,359.49567277526097
Karnataka,Tumakuru,90.08168028004667,16.130173612884423,0.0,134.91520467836258,762.5663553523427
Karnataka,Udupi,84.48074679113185,6.923902014216919,66.51276898273584,94.59615384615384,327.3327894983502
Karnataka,Udupi *,5.659276546091015,0.0017128595953820667,66.66666666666667,2.0,0.08097675389169105
Karnataka,Uttara Kannada,86.23103850641773,7.9860065181977555,52.16521471489555,107.29166666666667,377.5445962675609
Karnataka,Vijayanagara,44.807467911318554,2.421253542022238,28.728821116461578,23.1625,114.46662219735884
Karnataka,Vijayapura,60.09334889148191,12.156972435072095,68.96192054530303,42.013142174432495,574.7302158314499
Karnataka,Yadgir,45.74095682613769,11.97291865188386,64.02467090122434,23.684852835606605,566.0289317657563
Kerala,Alappuzha,57.87631271878646,12.679628001563248,64.73651931271213,38.981651376146786,599.4391594553059
Kerala,Ernakulam,54.25904317386231,23.651905555578875,60.792277633951144,33.51781737193764,1118.162014217177
Kerala,Idukki,77.01283547257877,7.012242470740161,56.49745718595245,71.84386617100371,331.5091524797927
Kerala,Kannur,50.991831971995325,18.692236882612264,62.40301501325683,28.40469208211144,883.6898656546657
Kerala,Kasaragod,60.21003500583431,14.601779597921166,61.752325695411855,42.06088992974239,690.3103535569319
Kerala,Kollam,64.17736289381564,18.516919523698828,65.6270545650397,47.952334630350194,875.401602761461
Kerala,Kottayam,57.642940490081685,11.041320078542425,66.52931634419808,38.61587708066581,521.9868931756096
Kerala,Kozhikode,53.44224037339556,21.09284926919758,61.704713019862304,31.548132561809574,997.1806613637576
Kerala,Malappuram,45.39089848308051,36.67722837400163,63.967568461983944,23.359313725490196,1733.9441618438057
Kerala,Palakkad,61.84364060676779,24.15030833858637,63.269271505690426,44.236243580337494,1141.7243888609257
Kerala,Pathanamthitta,59.62660443407235,7.180191200999747,58.360519117898455,41.79872881355932,339.44905778978915
Kerala,Thiruvananthapuram,58.343057176196034,20.331797988370823,60.518866418858074,39.994901675163874,961.2013771114965
Kerala,Thrissur,55.77596266044341,23.667807683984083,60.99925369868875,35.19076549210207,1118.9137995600588
Kerala,Wayanad,67.561260210035,4.862769575609655,58.101311084624555,53.004273504273506,229.89116925740325
Ladakh,Kargil,30.221703617269547,0.5545897893033513,69.95908825248392,13.900826446280991,26.21865855224695
Ladakh,Leh,79.2298716452742,0.33596089292650955,51.80848295602394,76.42857142857143,15.882809435804596
Lakshadweep,Lakshadweep,94.28238039673279,0.7356280059401674,69.2722371967655,199.54545454545453,34.77737939142939
Madhya Pradesh,Agar Malwa,29.28821470245041,2.336859275461704,81.64947852939463,13.39618138424821,110.47681837948214
Madhya Pradesh,Alirajpur,21.120186697782962,14.402533280836774,36.79655618592614,9.816666666666666,680.8908307741729
Madhya Pradesh,Anuppur,83.19719953325554,14.225868064416902,30.75875639725927,91.61159420289854,672.5388468813755
Madhya Pradesh,Ashok Nagar,36.17269544924154,20.143254171021525,39.7456341860517,17.074202229911574,952.2878232297561
Madhya Pradesh,Balaghat,89.38156359393233,23.88118334361023,56.149360658183014,131.89345794392523,1129.0012978714249
Madhya Pradesh,Barwani,19.71995332555426,33.46769191077355,40.45769229129632,9.262061534777924,1582.2108586647691
Madhya Pradesh,Betul,69.66161026837806,26.13826868455255,51.2445346765672,56.49127182044888,1235.7067421815063
Madhya Pradesh,Bhind,22.870478413068845,20.355047640537872,58.12524632000127,10.49419328079635,962.3005222875953
Madhya Pradesh,Bhopal,71.64527421236872,33.16284297539847,34.27313202781141,61.48777078965758,1567.7988909351518
Madhya Pradesh,Burhanpur,25.90431738623104,13.368574974445623,29.614845938375346,12.072463768115941,632.009657129447
Madhya Pradesh,Chhatarpur,32.67211201866978,37.29498385496281,60.543530879368454,14.869557880526493,1763.1490270189215
Madhya Pradesh,Chhindwara,85.2975495915986,22.86641206660483,55.094624221696044,100.16478190630049,1081.0272057882416
Madhya Pradesh,Damoh,80.63010501750291,34.13090178617392,48.58813886403397,80.26515151515152,1613.5646152736733
Madhya Pradesh,Datia,32.90548424737456,11.450013996486081,56.323061342592595,15.10807799442897,541.3082122723873
Madhya Pradesh,Dewas,51.10851808634772,21.96580261558296,37.53817868557172,28.412551440329217,1038.4502017742834
Madhya Pradesh,Dhar,43.29054842473746,34.00144683380491,40.98116008401371,21.976122797043775,1607.4445329001335
Madhya Pradesh,Dindori,89.7316219369895,14.450256391834253,40.080762268504714,132.84677419354838,683.146977527011
Madhya Pradesh,East Nimar,15.052508751458577,4.127838179033162,42.70262446931687,6.873229939312205,195.1467226090621
Madhya Pradesh,Guna,56.24270711785297,36.51497854225036,29.769653240103644,35.87595505617978,1726.2736763410169
Madhya Pradesh,Gwalior,26.487747957992998,26.027346724053995,46.68427049857055,12.288665349380276,1230.4628212432744
Madhya Pradesh,Harda,64.76079346557759,7.8591229581354725,82.91220481440453,48.74869109947644,371.54607844171824
Madhya Pradesh,Harda *,39.6732788798133,0.7551143668655651,47.318908748824086,19.411214953271028,35.69861208157795
Madhya Pradesh,Hoshangabad,68.72812135355892,18.545900259285716,35.721494658201294,55.03341584158416,876.7716893111973
Madhya Pradesh,Indore,42.35705950991832,36.45469843818341,50.80193225628786,21.42385173247381,1723.4238880893963
Madhya Pradesh,Jabalpur,63.477246207701285,27.87521724395851,43.58476609171613,46.94017595307918,1317.8223203624314
Madhya Pradesh,Jhabua,16.919486581096848,22.175448477908677,27.616958486215136,7.650144883330792,1048.3613710515144
Madhya Pradesh,Katni,43.64060676779463,16.156428779586893,50.97933434372726,22.167371090448015,763.8075885381701
Madhya Pradesh,Khandwa,51.69194865810969,14.812131141466638,51.876426423378405,29.540362438220757,700.2548844562199
Madhya Pradesh,Khargone,36.406067677946325,35.22956790511911,44.558388470839525,17.33850797757654,1665.504900491925
Madhya Pradesh,Maihar,20.18669778296383,0.08259189267411239,48.21428571428571,9.45,3.9045952070746015
Madhya Pradesh,Mandla,89.49824970828472,14.688328121524757,47.87512624816485,132.44230769230768,694.4020015323013
Madhya Pradesh,Mandsaur,70.36172695449243,20.176438821934017,64.39220403210355,57.666666666666664,953.8566531076792
Madhya Pradesh,Mauganj,5.134189031505251,0.02797238507991696,32.5301204819277,1.4137931034482758,1.3224160044914803
Madhya Pradesh,Morena,26.371061843640607,40.00052893229329,48.34049640435006,12.225479884301867,1891.055750057127
Madhya Pradesh,Narmadapuram,31.505250875145858,0.5730359556835797,35.431338028169016,14.371134020618557,27.090715245769314
Madhya Pradesh,Narsimhapur,24.854142357059512,0.7865967944691465,50.975325884543764,11.571428571428571,37.186968044227385
Madhya Pradesh,Narsinghpur,52.39206534422404,13.390116805894229,68.64343787822975,30.460591133004925,633.0280637684341
Madhya Pradesh,Neemuch,62.19369894982497,14.255222211028823,45.54086986438832,45.12252964426877,673.9265867243275
Madhya Pradesh,Niwari,77.8296382730455,0.4944406735504028,43.006700167504185,73.625,23.375062873849906
Madhya Pradesh,Pandhurna,32.08868144690782,0.02379611218319906,50.641025641025635,14.6,1.1249794933764925
Madhya Pradesh,Panna,43.40723453908985,23.72578468959432,53.825977113984244,22.13094245204337,1121.654707061955
Madhya Pradesh,Raisen,68.61143523920653,29.916993281198824,52.09582995123344,54.55983606557377,1414.3488518512436
Madhya Pradesh,Rajgarh,67.79463243873978,36.25079919077498,64.9970753235202,53.426432291666664,1713.7843944492824
Madhya Pradesh,Ratlam,69.89498249708285,27.0942648527043,38.164360988185884,56.96931659693166,1280.9021958185315
Madhya Pradesh,Rewa,80.86347724620771,50.43094029224178,58.64193408354761,81.83853083853084,2384.161464011018
Madhya Pradesh,Sagar,71.06184364060677,47.44903905675131,58.121495772619866,60.77322404371585,2243.1897911858555
Madhya Pradesh,Satna,65.46091015169195,36.636734820131736,63.13476500324704,49.623363017286536,1732.02979796088
Madhya Pradesh,Sehore,59.85997666277713,22.525421268968103,55.16062884483938,41.94276875483372,1064.9066037412294
Madhya Pradesh,Seoni,82.14702450408402,18.638413262171532,67.86515181838242,88.39530332681018,881.1453126289889
Madhya Pradesh,Shahdol,68.49474912485414,18.17724691896235,26.518838218131368,54.54278728606357,859.3433192969836
Madhya Pradesh,Shajapur,70.82847141190199,27.4347177626202,50.449329614405954,60.38991270611057,1296.997368810116
Madhya Pradesh,Sheopur,21.353558926487747,14.643084022507107,64.45087291920422,9.937212863705973,692.2630519762017
Madhya Pradesh,Shivpuri,39.43990665110852,44.4168770470808,51.655767894754256,19.02960456756185,2099.842001630427
Madhya Pradesh,Sidhi,87.04784130688448,35.858266784135694,26.026260534414835,116.88414634146342,1695.2271232213088
Madhya Pradesh,Singrauli,83.31388564760793,34.78074682687758,32.17517840020565,91.84268292682927,1644.2865390499521
Madhya Pradesh,Tikamgarh,70.59509918319719,40.56330096521615,61.87940355166006,58.3042049934297,1917.6612304654354
Madhya Pradesh,Ujjain,64.99416569428237,28.39887243399054,57.39717454327919,48.94788650839606,1342.5785219575025
Madhya Pradesh,Umaria,43.05717619603267,6.94456796380421,34.81579974721023,21.774410774410775,328.3097881491327
Madhya Pradesh,Vidisha,52.625437572928824,26.909044860563615,46.14918669759332,30.532354290959155,1272.1457783282517
Madhya Pradesh,West Nimar,39.08984830805134,1.0126228903727297,31.3543599257885,18.813432835820894,47.872525453853605
Maharashtra,Ahilyanagar,2.6254375729288215,0.0012131782338959975,6.666666666666665,0.5,0.05735393346764044
Maharashtra,Ahmadnagar,73.86231038506418,35.22517045227711,56.639562200475034,65.2389885807504,1665.2970075288956
Maharashtra,Ahmed Nagar,47.141190198366395,0.3575568542900235,16.962253066020416,24.714285714285715,16.90377510812385
Maharashtra,Akola,79.11318553092183,15.379607324073657,42.2752700195,75.71242774566474,727.0827571565009
Maharashtra,Amravati,85.53092182030339,29.03472911651153,60.27270438963621,100.81782178217821,1372.6391353491124
Maharashtra,Aurangabad,43.99066511085181,33.25506727419662,40.959851757930764,22.395547232625884,1572.1588655452983
Maharashtra,Beed,62.54375729288215,29.92308426194053,55.454476567891554,45.45112474437628,1414.636807647393
Maharashtra,Bhandara,98.94982497082847,7.761672732883749,65.55208666270946,555.9285714285714,366.9390441417828
Maharashtra,Bid,9.684947491248542,0.10921350871994365,26.8658850443237,4.182539682539683,5.16315256726589
Maharashtra,Buldana,77.12952158693116,22.034409829619538,0.0,72.12605042016807,1041.693660550013
Maharashtra,Chandrapur,93.23220536756126,17.979330930677488,50.8726969048489,171.41666666666666,849.9866888307256
Maharashtra,Chatrapati Sambhaji Nagar,7.701283547257877,0.4835332963299245,0.0,2.8337129840546695,22.859408232239016
Maharashtra,Dharashiv,9.334889148191365,0.03420717335483511,17.59641873278237,4.103448275862069,1.6171704123051764
Maharashtra,Dhule,32.43873978996499,23.017028546979187,43.44461689864635,14.761290322580646,1088.1477156631836
Maharashtra,Gadchiroli,90.31505250875146,10.444011366733772,78.34672194869137,141.34586466165413,493.74866472775875
Maharashtra,Gondia,97.78296382730454,9.783472637761811,0.0,327.77358490566036,462.52118861932615
Maharashtra,Gondiya *,27.421236872812138,0.015775166463716097,0.0,12.8,0.7457831195135743
Maharashtra,Hingoli,52.975495915985995,12.139504858731977,44.694713485066075,30.971034482758622,573.9044227342272
Maharashtra,Jalgaon,69.77829638273046,43.310323019170994,49.339515149072234,56.891448652869975,2047.5288094531522
Maharashtra,Jalna,78.99649941656943,20.66192526369956,42.76514699447031,75.2266380236305,976.8083977915928
Maharashtra,Kolhapur,87.98133022170362,33.86440503816666,61.23894770262945,119.85169927909372,1600.9657766797216
Maharashtra,Latur,62.66044340723453,23.663181424736106,53.70517273576097,45.534246575342465,1118.6950895983243
Maharashtra,Mumbai,52.742123687281214,33.38710713194125,36.38400980924912,30.67288491854966,1578.4011513072528
Maharashtra,Mumbai City,71.9953325554259,6.994541751661246,50.563313075206516,61.912359550561796,330.6723373803977
Maharashtra,Mumbai Suburban,40.14002333722287,24.84309145445092,57.051293427975224,19.871185746467336,1174.4762431430445
Maharashtra,Mumbai( Sub Urban ),11.90198366394399,0.07210668572994788,27.184621545855027,5.461538461538462,3.4088989897604964
Maharashtra,Nagpur,78.0630105017503,32.58918582308702,55.469249666530615,74.22043010752688,1540.6788081413426
Maharashtra,Nanded,66.04434072345391,34.916550669937365,49.909695852131506,50.680395387149915,1650.7067701107155
Maharashtra,Nandurbar,47.49124854142357,24.504210271639792,57.366367886602546,24.973991707500943,1158.4553747583823
Maharashtra,Nashik,56.70945157526255,59.240170004304545,50.948143362972075,36.35746685275645,2800.6245695056414
Maharashtra,Osmanabad,82.3803967327888,19.330471626421446,50.64941208568763,88.94380403458213,913.8629037214749
Maharashtra,Palghar,50.40840140023337,23.719412631737676,47.05447045023341,28.115579480683976,1121.3534631291584
Maharashtra,Parbhani,79.463243873979,23.008034064058062,54.268712286557964,76.8061938061938,1087.722494569843
Maharashtra,Pune,61.37689614935823,78.40219787100081,55.84129799796311,43.31662763466042,3706.5241650186495
Maharashtra,Raigad,12.36872812135356,0.9541445855796218,24.980603044653137,5.506155950752394,45.107918647784054
Maharashtra,Raigarh,82.84714119019837,19.91835181789848,41.62715575135658,90.93008739076154,941.655391623799
Maharashtra,Raigarh(Mh),5.367561260210035,0.007885119516904345,0.0,1.5,0.37277508573871637
Maharashtra,Ratnagiri,96.38273045507584,12.317345468476665,50.91400819911428,258.27570093457945,582.3119742498735
Maharashtra,Sangli,66.86114352392065,24.054719629397066,48.86837376263734,51.745791245791246,1137.20535916362
Maharashtra,Satara,91.0151691948658,26.128853316197425,56.84248318137133,143.27824858757063,1235.261623405777
Maharashtra,Sindhudurg,98.01633605600934,4.52071306933693,47.81700042459298,368.39285714285717,213.72018501551054
Maharashtra,Solapur,71.76196032672112,39.724258305623714,53.16118723295451,61.76496945010183,1877.994843837119
Maharashtra,Thane,32.3220536756126,51.30552895447165,32.30609318731435,14.68502186318832,2425.508315235011
Maharashtra,Wardha,98.71645274212368,10.067232406622228,43.524018424589684,481.0595238095238,475.93614979263106
Maharashtra,Washim,91.71528588098016,12.18830840872748,48.16312178959774,147.02333333333334,576.2116480711323
Maharashtra,Yavatmal,75.26254375729287,25.93316797305424,60.090395121331476,68.89326267978804,1226.0104484030867
Manipur,Bishnupur,55.542590431738624,7.796468214512579,45.372158417183314,35.012612612612614,368.58402727992035
Manipur,Chandel,19.953325554259045,1.3862604123008917,46.302182665819025,9.344262295081966,65.53652648432292
Manipur,Churachandpur,8.401400233372229,3.4491675229849026,29.854143035802572,3.4603321033210332,163.06204571172776
Manipur,Imphal East,73.6289381563594,18.77361194768523,40.7183207897919,64.82695810564663,887.5369344016309
Manipur,Imphal West,73.16219369894984,13.849934333273511,56.5730789524841,63.721014492753625,654.7662907953683
Manipur,Jiribam,10.73512252042007,0.22388236824785135,72.12389380530973,4.858695652173913,10.584211037012247
Manipur,Kakching,39.206534422403735,0.6048289521916949,33.07043286867205,18.914285714285715,28.593753592086756
Manipur,Pherzawl,1.7502917152858808,0.0017128595953820674,100.0,0.2,0.08097675389169108
Manipur,Senapati,37.222870478413064,5.105068227347317,38.188729014071754,17.620542082738943,241.3460242513251
Manipur,Tamenglong,13.885647607934656,1.118096929658212,42.92168674698795,6.335473515248796,52.85889172941393
Manipur,Thoubal,67.44457409568263,13.057883122560979,61.61950356772581,52.96363636363636,617.3214610309192
Manipur,Ukhrul,33.02217036172696,2.4570902860715065,37.678767876787674,15.22439024390244,116.16083181674674
Meghalaya,East Garo Hills,3.9673278879813303,3.5820136876219975,0.0,0.898497726823483,169.3424502517587
Meghalaya,East Jaintia Hills,3.6172695449241536,1.8630233439096084,0.0,0.7893343419062028,88.07586052060081
Meghalaya,East Khasi Hills,2.9171528588098017,3.926539261817367,49.1330055458291,0.533192556420747,185.63016157744326
Meghalaya,Eastern West Khasi Hills,1.1668611435239207,0.0017128595953820672,0.0,0.00881057268722467,0.08097675389169107
Meghalaya,Jaintia Hills,4.434072345390899,0.001213178233895998,50.0,1.0,0.05735393346764046
Meghalaya,North Garo Hills,2.2170361726954493,0.4367471393040649,59.76623376623377,0.3243306716768436,20.647556698560937
Meghalaya,Ri Bhoi,3.0338389731621938,0.7224110585928696,33.56164383561644,0.6118032786885246,34.15253804691578
Meghalaya,South West Garo Hills,5.250875145857643,0.6724163061734693,43.72233400402414,1.4489671931956258,31.788997699851446
Meghalaya,South West Khasi Hills,5.017502917152859,0.6154033287916224,51.399155227032736,1.2157244964262508,29.093665373413696
Mizoram,Aizawl,87.28121353558926,15.651527495805173,50.55701573236211,117.33333333333333,739.9379922755112
Mizoram,Champhai,62.07701283547258,8.403114110195466,57.40645382766907,44.99612403100775,397.26367827207304
Mizoram,Hnahthial,21.47024504084014,0.004810488403182032,50.0,10.0,0.22741953664708625
Mizoram,Khawzawl,3.325554259043174,0.002947046937123671,50.0,0.75,0.13932390908053052
Mizoram,Kolasib,92.29871645274213,5.364252035817466,42.258742806551574,152.42307692307693,253.5991380078656
Mizoram,Lawngtlai,44.924154025670944,4.474808067831899,56.83203559510568,23.192612137203167,211.54999078634404
Mizoram,Lunglei,82.49708284714119,6.288594859307271,42.98273002244122,90.30973451327434,297.2981554469388
Mizoram,Mamit,97.0828471411902,6.97781053425721,41.50710900473934,291.5,329.8813562178508
Mizoram,Saiha,47.841306884480744,3.138926598997275,58.21606730697639,25.19774011299435,148.39516757611895
Mizoram,Saitual,18.08634772462077,0.02004850755314374,33.333333333333336,8.5,0.9478086040464416
Mizoram,Serchhip,96.8494749124854,3.794075213671043,49.60572012257406,283.05882352941177,179.36782188821184
Nagaland,Chumukedima,7.351225204200699,0.08586185536238018,56.73469387755101,2.4742268041237114,4.059185206486556
Nagaland,Dimapur,11.31855309218203,2.343540160000672,42.638040462496576,5.132851584213452,110.79266233105257
Nagaland,Kiphire,6.884480746791131,0.5132164982987498,33.37563451776649,2.352238805970149,24.262704420103603
Nagaland,Kohima,8.284714119019837,0.8813856216858651,40.10539367637942,3.3628691983122363,41.66818270648236
Nagaland,Longleng,4.784130688448075,0.2368992002433583,47.044212617983106,1.0520504731861198,11.199591774459407
Nagaland,Meluri,24.037339556592766,0.05318931757190135,0.0,11.285714285714286,2.5145658700216593
Nagaland,Mokokchung,14.585764294049008,0.51845432371603,40.424528301886795,6.612179487179487,24.510326642547426
Nagaland,Mon,8.518086347724621,1.4402921121105419,67.31061325232581,3.6412966878083157,68.09091662209707
Nagaland,Niuland,15.16919486581097,0.04171085686174531,65.45454545454545,6.875,1.9719128174961127
Nagaland,Noklak,4.084014002333722,0.07069062281970485,0.0,0.9156118143459916,3.3419535272794785
Nagaland,Peren,5.950991831971995,0.5535367195406696,27.51511819681144,2.0676156583629894,26.168873869816842
Nagaland,Phek,6.651108518086348,0.4353602240077667,66.2716049382716,2.2615606936416186,20.58198921193229
Nagaland,Shamator,1.5169194865810969,0.022635302223100617,0.0,0.15765765765765766,1.0701013103033794
Nagaland,Tseminyu,8.751458576429405,0.028595706228663947,51.886792452830186,3.7857142857142856,1.3518839908889948
Nagaland,Tuensang,7.467911318553091,0.7672866411269851,28.959568733153638,2.6879505664263648,36.274065703011125
Nagaland,Wokha,10.385064177362894,0.6447080978663381,28.90268626457172,4.801470588235294,30.47907085534217
Nagaland,Zunheboto,7.234539089848307,0.40983975385119825,22.19750459425477,2.461005199306759,19.375489370006996
Odisha,Angul,77.71295215869311,9.483849252257215,45.4445264366712,73.25114155251141,448.3562627762427
Odisha,Anugal,0.40840140023337224,0.0,0.0,0.0,0.0
Odisha,Balangir,64.29404900816803,15.644731520111039,58.77448705592112,48.0,739.6167073011201
Odisha,Baleshwar,64.6441073512252,18.131297645191594,55.262515262515265,48.58766716196137,857.1710320624269
Odisha,Bargarh,66.74445740956826,11.787257115553812,51.830662389072224,51.729559748427675,557.2516399345492
Odisha,Baudh,49.00816802800467,0.22022053936023314,44.97863247863248,26.441176470588236,10.411095261833955
Odisha,Bhadrak,62.42707117852976,18.259714523989288,56.39132319405966,45.41884816753927,863.2420387100094
Odisha,Boudh,66.97782963827305,3.1389062890122457,60.65202878124768,51.927038626609445,148.39420740596626
Odisha,Cuttack,72.34539089848307,22.89917202835329,40.938400994766546,62.39655172413793,1082.575958159515
Odisha,Debagarh,84.24737456242707,2.4072471319492186,41.93889417485992,94.22727272727273,113.80445839569829
Odisha,Dhenkanal,76.07934655775964,11.526823272476783,71.82504858740448,69.9034090909091,544.9394298311801
Odisha,Gajapati,84.36406067677946,8.942025108673354,39.84590327405684,94.31511254019293,422.7411099371801
Odisha,Ganjam,83.66394399066512,29.748298607849,68.90862792557888,93.22939424031777,1406.3736815083173
Odisha,Jagatsinghapur,79.57992998833139,7.0001036577401825,51.88309425342001,77.77197802197803,330.9352807652128
Odisha,Jajapur,66.2777129521587,16.759814783568228,46.33377868153424,50.89274447949527,792.3331256445485
Odisha,Jharsuguda,91.83197199533255,3.592853874388091,46.233665724066086,151.24418604651163,169.85492841299535
Odisha,Kalahandi,58.22637106184364,13.82395928678811,61.878838446702865,39.94686907020873,653.5383005081057
Odisha,Kandhamal,74.21236872812136,8.70616473480405,52.7895196419889,65.94392523364486,411.5906294780058
Odisha,Kendrapara,67.32788798133022,11.10944469529219,45.50924896391388,52.90190735694823,525.2075367936762
Odisha,Kendujhar,63.010501750291716,15.400167942215381,57.634610261876716,46.414,728.0547761822355
Odisha,Khorda,71.41190198366394,16.009103899491286,0.0,61.02280912364946,756.8426915963611
Odisha,Koraput,58.69311551925321,16.847622879552084,47.34304426001383,40.40155440414508,796.4843208723141
Odisha,Malkangiri,68.26137689614936,10.235098994593905,62.38404961396955,54.297570850202426,483.87217176283133
Odisha,Mayurbhanj,59.39323220536756,24.504666887996954,67.86155372777567,41.63342465753425,1158.4769616476267
Odisha,Nabarangapur,42.47374562427071,16.083622893140102,51.35892596232341,21.490856592877766,760.3656342971087
Odisha,Nayagarh,86.34772462077012,9.489570060099155,56.846414201208475,108.53623188405797,448.6267183640371
Odisha,Nuapada,69.31155192532088,6.835814493694968,75.76944782080221,55.813267813267814,323.16838426077777
Odisha,Puri,73.97899649941657,10.319397127009399,51.95500064812746,65.28264758497316,487.85743076511164
Odisha,Rayagada,59.97666277712952,9.859875544994237,52.707279468507195,41.94420600858369,466.1331947827326
Odisha,Sambalpur,81.68028004667445,8.24373427846473,46.531411234648644,84.92556634304208,389.72887422616407
Odisha,Sonapur,76.5460910151692,4.475775533252435,68.85663855657972,70.66666666666667,211.5957284577029
Odisha,Subarnapur,53.55892648774796,0.6307676548623059,50.06269592476489,31.566666666666666,29.820025697570866
Odisha,Sundargarh,74.56242707117853,17.934008771745496,0.0,67.62096774193549,847.8440489321779
Puducherry,Karaikal,90.89848308051342,1.2627865793476354,72.7923264311815,142.69230769230768,59.69920612830778
Puducherry,Pondicherry,76.66277712952159,1.2566278250054124,50.70176980778247,71.08571428571429,59.408046283102635
Puducherry,Puducherry,93.9323220536756,3.8079440842452343,56.69298114006831,189.57142857142858,180.02348340435117
Puducherry,Yanam,27.304550758459744,0.012418867674104465,0.0,12.75,0.5871115145518504
Punjab,Amritsar,53.67561260210035,19.488415262791325,31.640204976531162,31.922814982973893,921.3298105278262
Punjab,Barnala,94.1656942823804,4.552573056484629,47.0625593910714,198.775,215.22639039580395
Punjab,Bathinda,91.48191365227538,13.277684562473022,39.99716528142739,145.04137931034484,627.7127430442162
Punjab,Faridkot,92.06534422403733,4.755865174984395,52.26578505550747,151.58762886597938,224.83718155011573
Punjab,Fatehgarh Sahib,87.86464410735122,5.227891474896042,32.855987989375215,118.65734265734265,247.15258768229495
Punjab,Fazilka,86.8144690781797,9.963883785107315,39.979166365950235,112.82239382239382,471.0502642757905
Punjab,Ferozepur,95.21586931155193,8.060739647442398,48.7640414644154,216.44642857142858,381.07766239318784
Punjab,Firozpur,57.992998833138856,0.5583585447138547,48.547405686469745,39.10204081632653,26.396829360979368
Punjab,Gurdaspur,77.24620770128354,16.18907790764098,46.574279030244526,72.15063520871144,765.351101161354
Punjab,Hoshiarpur,81.91365227537923,12.17983425310511,45.01417769376182,84.98481012658227,575.811025850769
Punjab,Jalandhar,75.61260210035006,17.196684783717107,42.700794483746364,69.56963788300835,812.98649068398
Punjab,Kapurthala,59.04317386231038,6.048014337082871,39.893066364621774,40.89749430523918,285.92452634632696
Punjab,Ludhiana,37.33955659276546,28.893422388920975,40.72097717152731,17.719364098034887,1365.9587511925881
Punjab,Malerkotla,57.759626604434075,2.050999959332203,38.95058023209283,38.82517482517483,96.96259949529954
Punjab,Mansa,94.74912485414235,6.914789480389122,56.058879604391024,206.68867924528303,326.90198745766185
Punjab,Moga,90.78179696616102,8.078803376564183,52.105715358401206,142.3625,381.93163907137233
Punjab,Muktsar,53.32555425904317,0.2533318513245648,32.108032812258166,31.344827586206897,11.976457984613702
Punjab,Nawanshahr,15.985997666277713,0.02892042936761267,44.52513966480447,7.25,1.367235526868056
Punjab,Pathankot,93.81563593932322,4.349165485450592,37.622750956084296,188.41176470588235,205.6101411341966
Punjab,Patiala,76.77946324387398,21.055365380594356,31.45951743783367,71.61822985468956,995.4085817195709
Punjab,Rupnagar,94.04900816802801,6.235231375032715,42.542809201468565,191.2,294.77535571218294
Punjab,S.A.S Nagar(Mohali),20.420070011668614,0.18855536778688245,0.0,9.555555555555555,8.914099937554946
Punjab,Sangrur,93.58226371061843,11.389274006818889,52.275773609106935,183.15151515151516,538.4366825755432
Punjab,Sas Nagar (Mohali),72.1120186697783,13.321431436562497,0.0,62.05122950819672,629.7809101410553
Punjab,Shaheed Bhagat Singh Nagar,89.96499416569428,4.328325193830389,53.4745147427508,134.52,204.62490032980722
Punjab,Sri Muktsar Sahib,93.11551925320887,8.690376070049124,49.18233671193206,170.31972789115648,410.84420821640043
Punjab,Tarn Taran,84.94749124854143,9.515415849713465,44.34053362598013,98.07835820895522,449.84859793337074
Rajasthan,Ajmer,50.291715285880976,21.522514843792003,50.20990966691746,28.092477064220184,1017.493431647713
Rajasthan,Alwar,36.05600933488915,34.67009346077066,52.465689020486565,17.066908786143316,1639.055316118029
Rajasthan,Balotra,0.40840140023337224,0.0,0.0,0.0,0.0
Rajasthan,Banswara,37.57292882147025,16.404188236523062,51.702807210417575,17.87323943661972,775.5206072950776
Rajasthan,Baran,47.024504084014005,10.758465729510776,51.57793358060503,24.6485484867202,508.61473642062396
Rajasthan,Barmer,43.87397899649942,37.22961385174635,61.58462626936584,22.297127115308932,1760.0586098728636
Rajasthan,Beawar,5.659276546091015,0.0017128595953820674,50.0,2.0,0.08097675389169108
Rajasthan,Bharatpur,25.32088681446908,25.259983169177403,59.46817596236429,11.836307692307692,1194.1851193836342
Rajasthan,Bhilwara,42.123687281213535,17.95669241239477,66.46588753266278,21.274089206673477,848.9164354787321
Rajasthan,Bikaner,23.687281213535588,17.30545625533694,52.23699703432256,11.125159409728548,818.1287456075842
Rajasthan,Bundi,47.257876312718786,10.053671576102714,61.66541913643935,24.784839203675343,475.2950511068391
Rajasthan,Chittaurgarh,34.42240373395566,11.391684222769744,0.0,16.195444191343963,538.5506273871345
Rajasthan,Churu,31.388564760793464,18.79250874881705,53.09213076908714,14.34107027724049,888.4302951993968
Rajasthan,Dausa,53.20886814469078,15.309510189471645,48.5357880998568,31.289279636982418,723.7688612408734
Rajasthan,Deeg,1.633605600933489,0.0031778291192849557,31.868131868131865,0.1590909090909091,0.15023431412356225
Rajasthan,Dhaulpur,7.117852975495915,0.03361010515712773,37.00854700854701,2.4565217391304346,1.5889435543463244
Rajasthan,Dholpur,38.2730455075846,14.385318804255293,71.62923431630202,18.063437139561707,680.0770031625747
Rajasthan,Didwana-Kuchaman,4.434072345390899,0.0012131782338959975,16.666666666666664,1.0,0.05735393346764044
Rajasthan,Dungarpur,39.78996499416569,14.709597906480884,71.02317918418362,19.589644513137557,695.407546964259
Rajasthan,Ganganagar,56.82613768961493,12.807786632692771,42.03223409931657,36.4301948051948,605.4979572458841
Rajasthan,Hanumangarh,54.4924154025671,12.443021796743727,56.17255856404015,33.758620689655174,588.2534192647074
Rajasthan,Jaipur,37.80630105017503,44.93696616275666,60.67741838385332,17.879203132197144,2124.4296143193924
Rajasthan,Jaisalmer,44.1073512252042,8.321651691284742,38.08867747130503,22.480978260869566,393.41247980528686
Rajasthan,Jalor,18.203033838973163,13.679890264298416,53.30672989021016,8.599762671639262,646.7273267370991
Rajasthan,Jhalawar,42.5904317386231,11.07750628498587,70.20502268388825,21.51868919610855,523.6976238982822
Rajasthan,Jhunjhunu,49.241540256709456,12.666759530817181,0.0,26.49254555494202,598.8307926099579
Rajasthan,Jodhpur,36.28938156359393,34.66462466324441,54.98629089579339,17.26908426024684,1638.7967745116064
Rajasthan,Karauli,38.85647607934656,13.869279639960963,58.43082114735658,18.597883597883598,655.6808550380024
Rajasthan,Kota,47.957992998833134,16.089038980335758,64.93699345618407,25.371522094926352,760.6216839821387
Rajasthan,Nagaur,39.55659276546091,30.19320078594168,53.93194065904636,19.339198801946836,1427.4067739336494
Rajasthan,Pali,48.89148191365227,22.884806506206495,61.41444085403123,26.34685367702805,1081.8968170585497
Rajasthan,Pratapgarh,51.5752625437573,11.783004736125331,38.373391972908,29.441839495040576,557.050605428649
Rajasthan,Rajsamand,46.55775962660444,9.77541736273092,40.105906739361416,24.532008830022075,462.14036930088065
Rajasthan,Salumbar,0.40840140023337224,0.0,0.0,0.0,0.0
Rajasthan,Sawai Madhopur,41.1901983663944,12.143349035879067,50.15192786048943,20.693737769080236,574.0861591635266
Rajasthan,Sikar,46.90781796966161,21.886185696851907,62.02682118821744,24.638111298482293,1034.68625074696
Rajasthan,Sirohi,16.45274212368728,8.952647780675155,57.25680507166061,7.429515888249093,423.243304920751
Rajasthan,Tonk,48.07467911318553,11.924438584073659,58.71843328461557,25.5785536159601,563.7369992977926
Rajasthan,Udaipur,34.305717619603264,28.822219888656193,55.79022093638453,16.105732921386885,1362.5925982656588
Sikkim,East,34.53908984830805,0.9107680836168477,72.60296540362438,16.27027027027027,43.057261177906305
Sikkim,East Sikkim,39.323220536756125,0.8402816630806836,68.30212365310179,19.014705882352942,39.72496147053301
Sikkim,Namchi,0.40840140023337224,0.0,0.0,0.0,0.0
Sikkim,North,27.07117852975496,0.041875664208525114,32.01754385964912,12.727272727272727,1.9797042114876053
Sikkim,North Sikkim,54.60910151691949,0.16069788456172945,34.59119496855346,33.77777777777778,7.597116006562078
Sikkim,South,20.070011668611436,0.4580867419340111,40.982318271119844,9.401869158878505,21.65640281471104
Sikkim,South Sikkim,11.435239206534423,0.5598832179003733,45.64087759815243,5.149193548387097,26.468909457750197
Sikkim,West,30.33838973162194,0.8164815162672414,80.61002178649237,13.954128440366972,38.599791236910725
Sikkim,West Sikkim,18.903150525087515,1.2121172499819444,94.93073975832597,8.91304347826087,57.30377463762136
Tamil Nadu,Ariyalur,79.81330221703618,10.240658139648403,54.6903044673879,78.38618925831202,484.1349846180938
Tamil Nadu,Chengalpattu,26.137689614935823,0.7264651803175286,45.957860445565366,12.088888888888889,34.344199767485144
Tamil Nadu,Chennai,66.62777129521587,27.198118303673553,38.56983446297121,51.5042573320719,1285.8119475358428
Tamil Nadu,Coimbatore,60.793465577596265,25.91450740184965,48.88655908270517,42.5253164556962,1225.1282555566993
Tamil Nadu,Cuddalore,81.09684947491247,26.659237628339703,61.84005825511942,82.30552952202437,1260.3359494206768
Tamil Nadu,Dharmapuri,80.04667444574096,20.99165433372706,33.566868329996105,78.9782345828295,992.3965930100092
Tamil Nadu,Dindigul,63.360560093348894,21.282390576637486,60.57263046036224,46.732942039618486,1006.1413723562118
Tamil Nadu,Erode,71.17852975495916,16.47872324735299,54.97935912015328,60.79414634146342,779.0443072203732
Tamil Nadu,Kallakurichi,35.47257876312719,0.7990915562534593,31.242386316228632,16.671140939597315,37.77766751117226
Tamil Nadu,Kancheepuram,55.65927654609102,32.276214216985224,50.87196585376016,35.015540944411235,1525.8828349099585
Tamil Nadu,Kanniyakumari,95.09918319719954,11.568776835123309,58.344793972502586,214.60633484162895,546.9228167511976
Tamil Nadu,Karur,61.026837806301046,8.670137654459344,57.763365521823495,42.6251968503937,409.8874215639568
Tamil Nadu,Krishnagiri,80.9801633605601,20.673149179061685,49.46387270873844,82.09803921568627,977.3390170171446
Tamil Nadu,Madurai,84.83080513418903,28.361221063935695,56.1030652508163,97.77131394182548,1340.7985244989623
Tamil Nadu,Mayiladuthurai,66.51108518086347,0.9489932875124982,52.99382972247586,51.40625,44.86438707232462
Tamil Nadu,Nagapattinam,64.52742123687281,11.226294818972802,58.067308164023345,48.417256011315416,530.7317162027819
Tamil Nadu,Namakkal,79.3465577596266,12.30154482553964,51.356361535580284,76.57831325301204,581.5649867105028
Tamil Nadu,Perambalur,86.11435239206534,9.16279878537036,63.772911255311925,107.04845814977973,433.17835519175645
Tamil Nadu,Pudukkottai,52.85880980163361,15.406425617950426,54.956344606819066,30.843101343101342,728.3506126123182
Tamil Nadu,Ramanathapuram,76.19603267211203,13.888914509060635,57.96802213336477,70.1632,656.6091085662345
Tamil Nadu,Ranipet,50.05834305717619,0.06643852950723264,49.96402507965875,27.785714285714285,3.1409325477334207
Tamil Nadu,Salem,78.87981330221704,40.887575991087296,61.56170505986702,75.16373124592303,1932.9915815543302
Tamil Nadu,Sivaganga,72.69544924154026,11.956711466529365,43.65243319932757,63.09803921568628,565.2627246211273
Tamil Nadu,Tenkasi,72.46207701283546,1.455515740623957,50.968141393673314,62.78947368421053,68.8106253610929
Tamil Nadu,Thanjavur,64.41073512252042,20.16551268074849,55.40483786951425,48.21518105849582,953.3401113851983
Tamil Nadu,The Nilgiris,67.21120186697783,6.590078690636942,51.9777866277269,52.73860911270983,311.5510352963589
Tamil Nadu,Theni,75.02917152858811,12.261769873031145,52.861366563276555,68.23956442831216,579.684595259261
Tamil Nadu,Thiruvallur,61.726954492415395,45.11361810799052,0.0,44.041350210970464,2132.78097080667
Tamil Nadu,Thoothukkudi,79.92998833138857,20.183796167250115,45.23075516151779,78.48428405122235,954.2044772624225
Tamil Nadu,Tiruchirappalli,62.77712952158693,21.03974031783496,56.62699724002406,45.90348525469169,994.6698948680499
Tamil Nadu,Tirunelveli,75.72928821470245,25.088795507501903,52.851678353680285,69.62518628912072,1186.092091101477
Tamil Nadu,Tirupathur,82.96382730455076,2.3623725535069573,0.0,91.18085106382979,111.68297820881709
Tamil Nadu,Tiruppur,73.27887981330223,20.02959951640335,39.56589590911006,63.80597014925373,946.9147120766448
Tamil Nadu,Tiruvannamalai,88.68144690781797,31.367258537073127,64.83707394150463,121.65809379727685,1482.9112565102246
Tamil Nadu,Tiruvarur,0.40840140023337224,0.0,0.0,0.0,0.0
Tamil Nadu,Tuticorin,2.6254375729288215,0.0012131782338959975,19.999999999999996,0.5,0.05735393346764044
Tamil Nadu,Vellore,78.29638273045506,28.798456585685788,57.837021346204565,74.3721657544957,1361.4691698530346
Tamil Nadu,Villupuram,72.81213535589265,35.519045553281565,61.99221840943754,63.10923355461678,1679.1901788040495
Tamil Nadu,Virudhunagar,83.43057176196032,15.40651962838476,42.921959045477145,92.9836867862969,728.3550570278586
Telangana,Adilabad,84.01400233372229,11.709678344872659,61.81456978312549,93.91703056768559,553.5840439228244
Telangana,Bhadradri Kothagudem,35.58926487747958,2.4330619794357147,42.20638750179232,16.745864661654135,115.0248751521571
Telangana,Hanumakonda,35.00583430571762,0.5455908681085877,32.24220855869346,16.53271028037383,25.793227636108984
Telangana,Hyderabad,45.15752625437573,33.84069513847363,44.348580391725775,23.20795495822739,1599.8448729480813
Telangana,Jagitial,73.74562427071179,1.5344800525477356,50.86964588019758,65.10309278350516,72.54372390000277
Telangana,Jangaon,49.941656942823805,0.652635946743931,0.0,27.442857142857143,30.853866004449625
Telangana,Jayashankar Bhupalpally,25.087514585764293,0.5157051225716641,40.0887268725497,11.676470588235293,24.380356045385664
Telangana,Jogulamba Gadwal,39.90665110851809,1.5557721704192835,58.22510822510822,19.655290102389078,73.55032513770237
Telangana,K.V. Rangareddy,54.02567094515752,33.72929938198392,0.0,33.06298557158713,1594.578552940204
Telangana,Kamareddy,67.09451575262544,1.7462772919045078,51.488615616456876,52.25694444444444,82.55660117994547
Telangana,Karimnagar,85.06417736289382,21.292856593946702,62.942316012581,98.29481481481481,1006.6361613687844
Telangana,Khammam,58.459743290548424,11.294275037389715,57.36207927187882,39.9981220657277,533.9455332786771
Telangana,Komaram Bheem,48.19136522753792,1.11665062340253,53.46044624746451,25.6,52.790516489531974
Telangana,Mahabubabad,45.040840140023334,1.2723851944946867,51.33588502382829,23.19672131147541,60.152988036970555
Telangana,Mahabubnagar,59.74329054842473,31.388944835109527,66.75504196877493,41.912593206296606,1483.9364929181882
Telangana,Mancherial,60.560093348891485,1.4817634726118085,60.19236573108163,42.34756097560975,70.0515070650724
Telangana,Medak,63.59393232205367,17.317149888197935,64.5078554181756,46.94522575869726,818.6815710889242
Telangana,Mulugu,20.770128354725788,0.7105600998800226,67.85309533928319,9.696581196581196,33.592274865007546
Telangana,Nagarkurnool,46.32438739789965,1.5559097534052277,62.272206476512096,24.26595744680851,73.55682947911046
Telangana,Nalgonda,72.57876312718786,23.917170729067877,66.96632308545605,63.00244299674267,1130.7026291791783
Telangana,Narayanpet,28.004667444574093,0.7952111269424694,47.44580061454421,13.132420091324201,37.59421723296072
Telangana,Nirmal,70.01166861143524,1.2622948731961647,61.42751479289941,57.08653846153846,59.67596034206703
Telangana,Nizamabad,85.99766627771295,16.76060943768535,56.28316309464707,105.54434782608696,792.3706935287141
Telangana,Peddapalli,53.092182030338385,0.6011314966475175,53.88654477262072,31.26027397260274,28.418953539336652
Telangana,Rajanna Sircilla,80.51341890315052,0.957683787781711,65.41430861330106,80.1923076923077,45.27523715215194
Telangana,Siddipet,68.96149358226371,1.5651746723936582,50.43835426267456,55.34319526627219,73.99483564539244
Telangana,Suryapet,51.80863477246208,2.414798267910395,44.0160338829224,29.69655172413793,114.16144415213704
Telangana,Vikarabad,33.25554259043174,1.8442877141655576,46.4085870308482,15.389112903225806,87.19011922406948
Telangana,Wanaparthy,24.73745624270712,1.2915264771380763,56.22613057089938,11.563775510204081,61.05790688610677
Telangana,Warangal,86.58109684947492,15.9219753894072,60.178847781366784,110.03571428571429,752.7236243143432
Telangana,Warangal (Urban),71.52858809801633,1.1567513310192854,0.0,61.465753424657535,54.68630826389532
Telangana,Warangal Rural,65.92765460910151,0.7860655313658867,59.63087590496584,50.33802816901409,37.161852172686956
Telangana,Yadadri.,53.79229871645275,1.4455210201260822,66.10486344384402,32.06896551724138,68.33811726751965
Tripura,Dhalai,54.95915985997666,9.137254057074516,57.079104822981066,34.16528925619835,431.97070852765194
Tripura,Dhalai  *,57.29288214702451,0.08085504268466497,23.265651438240276,38.0,3.8224842888642283
Tripura,Gomati,69.42823803967327,4.5752417665545915,63.60749624337274,56.21078431372549,216.29807108774529
Tripura,Khowai,76.89614935822637,2.863257429986785,73.2024470052639,71.65625,135.36269572923055
Tripura,North Tripura,68.84480746791132,8.852855672865243,51.857229149587944,55.24330900243309,418.5255563228841
Tripura,Sepahijala,45.6242707117853,5.739334186775469,47.302995056702535,23.621052631578948,271.33143498607615
Tripura,South Tripura,50.175029171528585,8.980323223273903,45.221153352878254,28.04551201011378,424.5516827412123
Tripura,Unakoti,73.51225204200699,5.977990037343751,66.36179730461294,64.16292134831461,282.6140737548243
Tripura,West Tripura,63.827304550758456,14.52328928451905,46.46983020119829,47.120643431635386,686.5996636624533
Uttar Pradesh,Agra,25.437572928821474,53.43850945495192,55.58411610391807,11.896218117854001,2526.3466078241013
Uttar Pradesh,Aligarh,26.254375729288213,50.433416575606515,49.93647409311291,12.128610729023384,2384.2785322103805
Uttar Pradesh,Allahabad,52.15869311551925,64.86407851271078,48.54627749941734,30.12047569803516,3066.499166829549
Uttar Pradesh,Ambedkar Nagar,27.654609101516918,15.484610224149812,45.403182190896565,12.920437593237196,732.0468499638182
Uttar Pradesh,Amethi,37.45624270711785,18.840507728787976,37.9790448755966,17.80282574568289,890.6994838699902
Uttar Pradesh,Amroha,48.4247374562427,22.154966346856412,45.31584371650934,25.888934258881175,1047.39306256326
Uttar Pradesh,Auraiya,50.64177362893816,15.63442079110503,52.954925639909256,28.198945981554676,739.1292596624378
Uttar Pradesh,Ayodhya,12.485414235705951,1.0020381428940308,52.00442355543268,5.555205047318612,47.372123381261595
Uttar Pradesh,Azamgarh,15.28588098016336,29.474085971601106,56.3645565046436,6.957734889287852,1393.4100683672852
Uttar Pradesh,Baghpat,24.970828471411902,12.537612343723751,46.10131508218317,11.670239596469104,592.7252600763726
Uttar Pradesh,Bahraich,12.835472578763127,41.4301624980947,54.17584579371555,5.767496498441242,1958.6427757102008
Uttar Pradesh,Ballia,29.054842473745623,24.140149664938157,64.67325136752576,13.264506011500261,1141.2441297561543
Uttar Pradesh,Balrampur,17.736289381563594,20.135318537112834,48.72246584670854,8.340340981925394,951.9126600373198
Uttar Pradesh,Banda,22.520420070011667,19.971717447989896,37.54161243920816,10.412374886260237,944.1782928036963
Uttar Pradesh,Bara Banki,55.892648774795795,36.80297056354705,59.174163986730456,35.325552050473185,1739.8887205011954
Uttar Pradesh,Barabanki,3.7339556592765457,0.20605786550260538,23.515299655984066,0.8295081967213115,9.741543969650198
Uttar Pradesh,Bareilly,34.88914819136523,57.08009102143347,47.298838611782955,16.48013747093905,2698.5051753333773
Uttar Pradesh,Basti,28.354725787631274,22.480485557173328,44.33307867018457,13.175068386088316,1062.7822334281204
Uttar Pradesh,Bhadohi,27.887981330221706,1.1045536240583016,58.70319958969503,13.107011070110701,52.21862154766605
Uttar Pradesh,Bijnor,57.05950991831972,49.59685241557751,57.00413470757431,37.097038603913276,2344.7293185539233
Uttar Pradesh,Budaun,22.287047841306883,24.214628015403477,41.828256384088036,10.353658536585366,1144.7651510191633
Uttar Pradesh,Bulandshahar,36.63943990665111,45.76653613595843,0.0,17.466338477913784,2163.648172417794
Uttar Pradesh,Chandauli,26.60443407234539,21.921476128914904,47.78517221578716,12.325874694873882,1036.3546330472964
Uttar Pradesh,Chitrakoot,36.87281213535589,13.889219384533474,40.510286278023656,17.52931323283082,656.6235217885431
Uttar Pradesh,Deoria,31.738623103850642,26.844130660043884,47.13729636478704,14.421680014900353,1269.0769096050162
Uttar Pradesh,Etah,31.971995332555426,25.075327691733683,32.51486481586511,14.507428040854224,1185.4553897595447
Uttar Pradesh,Etawah,37.68961493582263,16.99492882945201,53.44103988963802,17.875,803.4483228745726
Uttar Pradesh,Faizabad,44.224037339556595,22.343034731654797,58.76453471526146,22.69676501955208,1056.284140005734
Uttar Pradesh,Farrukhabad,38.739789964994166,17.030893851509532,47.478445335924256,18.582063711911356,805.1485969353963
Uttar Pradesh,Fatehpur,27.18786464410735,25.103611367851958,62.29448961156279,12.734087178551887,1186.7925222871356
Uttar Pradesh,Firozabad,35.3558926487748,29.166779661645485,24.123981786383908,16.638439186384392,1378.8819263656117
Uttar Pradesh,Gautam Buddha Nagar,11.668611435239207,16.8314288190071,30.750481279839846,5.206047516198704,795.7187342131429
Uttar Pradesh,Ghaziabad,20.536756126021004,35.97625232235988,40.08362387721095,9.626374668183542,1700.8049802256521
Uttar Pradesh,Ghazipur,28.70478413068845,30.828652022881915,65.32663591844783,13.248376623376624,1457.4482195737996
Uttar Pradesh,Gonda,28.23803967327888,34.03801839408007,59.82053151974773,13.163334233990813,1609.173481521387
Uttar Pradesh,Gorakhpur,14.935822637106183,25.827627857414964,54.007734369397134,6.67683284457478,1221.020958317114
Uttar Pradesh,Hamirpur,49.35822637106184,13.784328479202756,54.11889281248053,26.50843727072634,651.6647236188966
Uttar Pradesh,Hapur,29.871645274212366,11.876717635186392,15.714122341101422,13.805726712577021,561.4809547603767
Uttar Pradesh,Hardoi,25.78763127187865,49.16993909836249,69.12197192576998,12.057449598426487,2324.5466633529904
Uttar Pradesh,Hathras,44.690781796966164,21.560176539279325,38.31689092290892,23.12217017954723,1019.2739172490099
Uttar Pradesh,Jalaun,37.10618436406068,16.48325771435097,49.89898726830321,17.600229973169796,779.2586776329366
Uttar Pradesh,Jaunpur,23.22053675612602,33.12428314834911,52.49416138887315,10.63532224325132,1565.9759454739471
Uttar Pradesh,Jhansi,49.82497082847141,21.409668743921202,42.9788764694425,26.99394428744449,1012.1585455417468
Uttar Pradesh,Jyotiba Phule Nagar,3.8506417736289387,0.0069471885665383275,42.50000000000001,0.8695652173913043,0.32843367915760807
Uttar Pradesh,Kannauj,31.621936989498252,16.070376173834173,66.1453816163899,14.39410029498525,759.7393854603678
Uttar Pradesh,Kanpur Dehat,30.57176196032672,18.989180026497454,47.42642756067199,14.062134891131175,897.7280810151328
Uttar Pradesh,Kanpur Nagar,16.102683780630105,28.35924481737485,46.89447658446721,7.2773845906385715,1340.7050959238368
Uttar Pradesh,Kasganj,35.93932322053676,16.360435894745894,52.96356007870732,17.038974358974357,773.4521817091004
Uttar Pradesh,Kaushambi,46.67444574095683,26.978603529123767,52.71404951441926,24.537558685446008,1275.4342178478803
Uttar Pradesh,Kheri,23.453908984830804,45.56352821649762,56.583663684882545,10.74399937042575,2154.050816991487
Uttar Pradesh,Lalitpur,55.192532088681446,15.723097022455867,50.89658979015403,34.4898753894081,743.3214966569344
Uttar Pradesh,Lucknow,23.570595099183198,40.69421572827071,48.111703538955275,10.892735426008969,1923.850326511159
Uttar Pradesh,Maharajganj,11.551925320886815,18.0683612678426,65.93789284136852,5.159627773801002,854.1956664497613
Uttar Pradesh,Mahoba,52.275379229871646,10.030995448765719,40.748284046443004,30.280039721946377,474.22301975789776
Uttar Pradesh,Mainpuri,16.219369894982496,14.704291089187778,52.01314684726209,7.3398991490702805,695.1566630978579
Uttar Pradesh,Mathura,29.98833138856476,26.46318887338943,61.529714207135974,13.815612857647475,1251.0675938454847
Uttar Pradesh,Mau,20.30338389731622,15.13054610388538,46.74486553466723,9.483157677206034,715.3081965413024
Uttar Pradesh,Meerut,24.27071178529755,36.87961291794613,43.41118309187736,11.340675632743832,1743.512046713447
Uttar Pradesh,Mirzapur,37.92298716452742,24.904784285707883,34.11223063745379,17.893422354104846,1177.3928191584082
Uttar Pradesh,Moradabad,34.65577596266044,32.658655490660266,22.322186080182917,16.306773560209425,1543.9630400709077
Uttar Pradesh,Muzaffarnagar,47.60793465577596,43.0577494153672,48.62591469618145,24.98200399911131,2035.5881982028789
Uttar Pradesh,Pilibhit,40.95682613768962,32.26954404370126,40.33648669435471,20.38719579039684,1525.5674973412008
Uttar Pradesh,Pratapgarh,38.03967327887982,26.06149290043178,60.70929817154364,17.94664810948736,1232.0771079766068
Uttar Pradesh,Prayagraj,17.96966161026838,3.5873398952069757,53.761814102128234,8.405275779376499,169.59425080911183
Uttar Pradesh,Rae Bareli,41.890315052508754,27.076246749297805,52.1111844473779,21.266457680250785,1280.0503761311056
Uttar Pradesh,Raebareli,3.325554259043174,0.002094339919611958,33.333333333333336,0.75,0.09901152942902627
Uttar Pradesh,Rampur,23.10385064177363,29.288922090316394,52.85412642616342,10.512236177651172,1384.656303560849
Uttar Pradesh,Saharanpur,41.77362893815636,35.57154756392739,45.17151143624297,21.223764258555132,1681.6722517108701
Uttar Pradesh,Sambhal,40.84014002333723,24.595616936847797,39.09947269639825,20.211584236974346,1162.7766951121139
Uttar Pradesh,Sant Kabir Nagar,34.18903150525088,16.71271122600636,57.157116954384136,15.968185989599267,790.1062687565735
Uttar Pradesh,Sant Ravidas Nagar,36.989498249708284,14.071192126951143,61.766403436164744,17.592221331194867,665.2264230523007
Uttar Pradesh,Sant Ravidas Nagar Bhadohi,4.667444574095683,0.009949594596168487,37.76595744680851,1.0454545454545454,0.4703747318859023
Uttar Pradesh,Shahjahanpur,21.820303383897315,37.93066673235199,55.15886663464954,10.2408305131254,1793.2014236393363
Uttar Pradesh,Shamli,46.79113185530922,21.759938756350607,51.25214030123138,24.585631067961167,1028.7178296001746
Uttar Pradesh,Sitapur,31.271878646441074,72.87142281723625,68.84516998652089,14.291851743974368,3445.0525233461763
Uttar Pradesh,Sonbhadra,56.59276546091016,27.009131929123754,42.03241955866628,36.1470737913486,1276.877471422295
Uttar Pradesh,Sultanpur,22.0536756126021,17.660384877605388,45.09100877192982,10.345737246680644,834.9082690268044
Uttar Pradesh,Unnao,21.93698949824971,31.593445457737445,32.53888066501145,10.278636722717525,1493.604417034026
Uttar Pradesh,Varanasi,16.802800466744458,32.75704546474349,39.42807253917109,7.513176664914783,1548.6145017191523
Uttarakhand,Almora,88.91481913652275,4.142699216654984,42.80876387355222,127.4453125,195.84928958496707
Uttarakhand,Bageshwar,88.56476079346558,2.089170329334579,59.51941465037001,121.421875,98.76713307526744
Uttarakhand,Chamoli,92.99883313885647,3.427285406603353,57.33715833847634,169.75641025641025,162.02755184098942
Uttarakhand,Champawat,88.098016336056,2.7889265884009418,58.75776868273458,120.01052631578948,131.8486480618755
Uttarakhand,Dehradun,59.27654609101517,15.04950150273205,34.81753765674317,41.358576051779934,711.4767507301357
Uttarakhand,Garhwal,12.602100350058343,0.006811620635734558,9.777777777777775,5.6,0.32202460103007247
Uttarakhand,Hardwar,74.79579929988331,16.83819890776346,0.0,67.83980582524272,796.0387953626537
Uttarakhand,Nainital,80.74679113185532,8.186639499725652,25.36514632217243,81.17594654788418,387.0296746776899
Uttarakhand,Pauri Garhwal,91.1318553092182,4.6077668407120145,44.39767847280067,143.83333333333334,217.83571896761555
Uttarakhand,Pithoragarh,85.88098016336056,3.653641648706891,55.684226087813535,104.90972222222223,172.72871716597197
Uttarakhand,Rudraprayag,90.19836639439906,2.632481589582342,59.340000978138605,139.17073170731706,124.45259049762788
Uttarakhand,Tehri Garhwal,81.33022170361727,5.676696687182449,44.8982774163682,82.63207547169812,268.3701990490445
Uttarakhand,Udham Singh Nagar,82.2637106184364,17.382876963448922,39.70107563478883,88.52366255144032,821.788869089863
Uttarakhand,Uttarkashi,82.61376896149358,3.1123723409016595,43.73627680597233,90.41095890410959,147.13979461479607
West Bengal,Alipurduar,6.417736289381564,1.2108880180328883,47.906827309236945,2.1476274165202107,57.245661752430486
West Bengal,Bankura,47.724620770128354,18.08962106497437,43.22267745271387,25.102700096432017,855.2007396996459
West Bengal,Barddhaman,45.85764294049008,28.70234669105824,42.690215331299754,23.763657957244657,1356.9255007135478
West Bengal,Birbhum,45.27421236872812,15.620830103525607,50.031569102742736,23.347978032950575,738.4867494611901
West Bengal,Burdwan,4.434072345390899,0.001213178233895998,0.0,1.0,0.057353933467640464
West Bengal,Cooch Behar,8.634772462077013,6.7275077318035645,41.85091240945884,3.720273089322966,318.04809884676524
West Bengal,Dakshin Dinajpur,40.25670945157526,8.047921617025006,39.821279468457426,19.891509433962263,380.4716801531468
West Bengal,Darjeeling,11.785297549591599,4.50518823972748,39.06039506188419,5.341702628481758,212.98623676319363
West Bengal,Darjiling,7.584597432905485,0.1846568346303639,14.723890942698702,2.7883597883597884,8.729793786131259
West Bengal,East Midnapore,31.03850641773629,4.522797138026858,34.50232815237453,14.18289786223278,213.81871096466168
West Bengal,Haora,12.95215869311552,1.97061783198235,36.40760423725791,5.804008908685969,93.1624726423757
West Bengal,Hawrah,3.325554259043174,0.002094339919611958,50.0,0.75,0.09901152942902627
West Bengal,Hooghly,38.506417736289386,26.606859788379555,52.57038153117867,18.25375098710187,1257.8597467784602
West Bengal,Howrah,30.105017502917153,16.66129696229173,46.32344998811823,13.868386675375572,787.6756199219775
West Bengal,Hugli,5.834305717619603,0.016597281054704573,41.72878667724028,2.066666666666667,0.7846492186875657
West Bengal,Jalpaiguri,15.869311551925321,11.186098339331403,51.89967013132508,7.18526937940441,528.8313967323422
West Bengal,Jhargram,21.703617269544925,0.4369973534474825,28.662400850437486,10.172619047619047,20.65938576450795
West Bengal,Kalimpong,6.76779463243874,0.09340952400998727,20.48768225238814,2.3097826086956523,4.416007043011331
West Bengal,Koch Bihar,7.001166861143523,0.9450631432467724,38.71427089521977,2.45096241979835,44.678586481416566
West Bengal,Kolkata,12.718786464410737,8.162615122992369,41.30639227256682,5.7412771560237,385.8939038022619
West Bengal,Malda,19.486581096849477,13.150544699282282,47.13592509922917,9.16603096253085,621.7021082909787
West Bengal,Medinipur,12.252042007001167,0.0067009019621019576,33.76068376068376,5.5,0.31679029063467684
West Bengal,Murshidabad,41.07351225204201,30.221017208095986,44.54257674190729,20.67699836867863,1428.721816670958
West Bengal,Nadia,30.80513418903151,17.32185115939043,53.01943907156673,14.123645457071408,818.9038272979907
West Bengal,North Dinajpur,11.085180863477246,0.24410756602898753,0.0,5.095238095238095,11.540372807392805
West Bengal,North Twenty Four Parganas,15.635939323220537,4.2285550110211085,18.098184535055474,7.083609820836098,199.90818825319712
West Bengal,Paschim Bardhaman,23.920653442240372,1.1015014459705732,33.174602231543425,11.213836477987421,52.07432748263587
West Bengal,Paschim Medinipur,38.973162193698954,21.447735741815254,48.79312668741248,18.665661825157578,1013.9581921258408
West Bengal,Purba Bardhaman,28.93815635939323,1.5261737544399578,30.06455653514477,13.263565891472869,72.1510372726587
West Bengal,Purba Medinipur,63.12718786464411,20.61972118082603,53.23420312901065,46.47615384615385,974.8131673352917
West Bengal,Purulia,21.58693115519253,11.271292305151876,0.0,10.122341894504281,532.8590069473889
West Bengal,Uttar Dinajpur,9.218203033838973,10.92627853863886,47.24063321312879,4.026865671641791,516.5482159546584
West Bengal,West Medinipur,2.6254375729288215,0.0012131782338959977,0.0,0.5,0.05735393346764045
